,C.1.1,C.1.2.1,C.1.2.2,C.2.1.1,C.2.1.2,C.2.2.1.1,C.2.2.1.2.1.1,C.2.2.1.2.1.2,C.2.2.1.2.1.3,C.2.2.1.2.2.2,C.2.2.1.3.1,C.2.2.1.3.2.1,C.2.2.1.3.2.2.1.1.1,C.2.2.1.3.2.2.2,C.2.2.1.3.2.3,C.2.2.1.3.2.4.1
KIT_24F_MG1_H1,0.0,0.0,0.0,0.0,0.0,0.0,0.0,0.0,0.0,0.0,0.0,0.0,0.0,0.0,0.20408162474632263,0.0
KIT_1F_MG1_H2,0.0,0.0,0.0,0.0,0.46190476417541504,0.0,0.0,0.0,0.0,0.0,0.0,0.0,0.0,0.0,0.0,0.0
KIT_93F_MG1_H3,0.0,0.0,0.0,0.0,0.0,0.0,0.0,0.0,0.0,0.0,0.0,0.0,0.0,0.0,0.0,0.0
KIT_12F_MG1_H4,0.0,0.0,0.0,0.0,0.0,0.0,0.0,0.0,0.0,0.0,0.0,0.0,0.0,0.0,0.0,0.0
KIT_46F_MG1_H5,0.0,0.0,0.0,0.0,0.0,0.0,0.0,0.0,0.0,0.0,0.0,0.0,0.0,0.0,0.0,0.0
KIT_61F_MG1_H6,0.0,0.0,0.0,0.0,0.0,0.0,0.0,0.0,0.0,0.0,0.0,0.0,0.0,0.0,0.0,0.0
KIT_8F_MG1_H7,0.0,0.0,0.0,0.0,0.0,0.0,0.0,0.0,0.0,0.0,0.0,0.0,0.0,0.0,0.0,0.0
KIT_90F_MG1_H8,0.0,0.0,0.0,0.0,0.0,0.0,0.0,0.0,0.0,0.0,0.0,0.0,0.0,0.0,0.0,0.0
KIT_83F_MG1_H9,0.0,0.0,0.0,0.0,0.0,0.0,0.0,0.0,0.0,0.0,0.0,0.0,0.0,0.0,0.0,0.0
KIT_9F_MG1_H10,0.0,0.0,0.0,0.13322924077510834,0.0,0.0,0.0,0.0,0.0,0.0,0.0,0.0,0.0,0.0,0.0,0.0
KIT_244F_MG1_H11,0.0,0.0,0.0,0.0,0.0,0.0,0.0,0.0,0.0,0.0,0.0,0.0,0.0,0.0,0.0,0.0
KIT_63F_MG1_H12,0.0,0.0,0.0,0.0,0.0,0.0,0.0,0.0,0.0,0.0,0.0,0.0,0.0,0.0,0.0,0.0
KIT_24N_MG1_G1,0.0,0.0,0.0,0.0,0.0,0.0,0.0,0.0,0.0,0.0,0.0,0.0,0.0,0.0,0.0,0.0
KIT_1N_MG1_G2,0.0,0.0,0.0,0.0,0.7042643427848816,0.0,0.0,0.0,0.0,0.0,0.0,0.0,0.0,0.0,0.0,0.0
KIT_93N_MG1_G3,0.0,0.0,0.0,0.0,0.0,0.0,0.0,0.0,0.0,0.0,0.0,0.0,0.0,0.0,0.0,0.0
KIT_12N_MG1_G4,0.0,0.0,0.0,0.0,0.0,0.0,0.0,0.0,0.0,0.0,0.0,0.0,0.0,0.0,0.0,0.0
KIT_46N_MG1_G5,0.0,0.0,0.0,0.0,0.0,0.0,0.0,0.0,0.0,0.0,0.0,0.0,0.0,0.0,0.0,0.0
KIT_61N_MG1_G6,0.0,0.0,0.0,0.0,0.0,0.0,0.0,0.0,0.0,0.0,0.0,0.0,0.0,0.0,0.0,0.0
KIT_8N_MG1_G7,0.0,0.0,0.0,0.0,0.0,0.0,0.0,0.0,0.0,0.0,0.0,0.0,0.0,0.0,0.0,0.0
KIT_90N_MG1_G8,0.0,0.0,0.0,0.0,0.0,0.0,0.0,0.0,0.0,0.0,0.0,0.0,0.0,0.0,0.0,0.0
KIT_83N_MG1_G9,0.0,0.0,0.0,0.0,0.0,0.0,0.0,0.0,0.0,0.0,0.0,0.0,0.0,0.0,0.0,0.0
KIT_9N_MG1_G10,0.0,0.0,0.0,0.0,0.0,0.0,0.09140575677156448,0.6063762903213501,0.0,0.0,0.0,0.0,0.0,0.0,0.0,0.0
KIT_244N_MG1_G11,0.0,0.0,0.0,0.0,0.0,0.0,0.0,0.0,0.0,0.0,0.0,0.0,0.0,0.0,0.0,0.0
KIT_63N_MG1_G12,0.0,0.28584063053131104,0.0,0.0,0.005946371238678694,0.0,0.0,0.0,0.0,0.0,0.0,0.0,0.0,0.0,0.0,0.0
KIT_1K_MG1_F2,0.0,0.0,0.0,0.0,0.2500986158847809,0.0,0.0,0.0,0.0,0.0,0.0,0.0,0.0,0.0,0.0,0.0
KIT_93K_MG1_F3,0.0,0.0,1.451574683189392,0.0,0.0,0.0,0.0,0.0,0.0,0.0,0.0,0.0,0.0,0.0,0.0,0.0
KIT_12K_MG1_F4,0.0,0.0,0.0,0.0,0.0,0.0,0.0,0.0,0.0,0.0,0.0,0.0,0.0,0.0,0.0,0.0
KIT_46K_MG1_F5,0.0,0.0,0.0,0.0,0.0,0.0,0.0,0.0,0.0,0.0,0.0,0.0,0.0,0.0,0.0,0.0
KIT_61K_MG1_F6,0.0,0.0,0.0,0.0,0.0,0.0,0.0,0.0,0.0,0.0,0.0,0.0,0.0,0.0,0.0,0.0
KIT_8K_MG1_F7,0.0,0.0,0.0,0.0,0.0,0.0,0.0,0.0,0.0,0.0,0.0,0.0,0.0,0.0,0.0,0.0
KIT_90K_MG1_F8,0.0,0.0,0.0,0.0,0.0,0.0,0.0,0.0,0.0,0.0,0.0,0.0,0.0,0.0,0.0,0.0
KIT_83K_MG1_F9,0.0,0.0,0.0,0.0,0.0,0.0,0.0,0.0,0.0,0.0,0.0,0.0,0.0,0.0,0.0,0.0
KIT_9K_MG1_F10,0.0,0.0,0.0,0.0,0.0,0.0,0.0,0.0,0.0,0.0,0.0,0.0,0.0,0.0,0.0,0.0
KIT_244K_MG1_F11,0.0,0.0,0.0,0.0,0.0,0.0,0.0,0.0,0.0,0.0,0.0,0.0,0.0,0.0,0.0,0.0
KIT_63K_MG1_F12,0.0,0.0,0.0,0.0,0.0,0.0,0.0,0.0,0.0,0.0,0.0,0.0,0.0,0.0,0.0,0.0
KIT_1C_MG1_E2,0.0,0.0,0.0,0.0,0.03811430558562279,0.0,0.0,0.0,0.0,0.0,0.0,0.0,0.0,0.0,0.0,0.0
KIT_93C_MG1_E3,0.0,0.0,0.0,0.0,0.0,0.0,0.0,0.0,0.0,0.0,0.0,0.0,0.0,0.0,0.0,0.0
KIT_12C_MG1_E4,0.0,0.0,0.0,0.0,0.0,0.0,0.0,0.0,0.0,0.0,0.0,0.0,0.0,0.0,0.0,0.0
KIT_46C_MG1_E5,0.0,0.0,0.0,0.0,0.0,0.0,0.0,0.0,0.0,0.0,0.0,0.0,0.0,0.0,0.0,0.0
KIT_61C_MG1_E6,0.0,0.0,0.0,0.0,0.0,0.0,0.0,0.0,0.0,0.0,0.0,0.0,0.0,0.0,0.0,0.0
KIT_8C_MG1_E7,0.0,0.0,0.0,0.0,0.0,0.0,0.0,0.0,0.0,0.0,0.0,0.0,0.0,0.0,0.0,0.0
KIT_90C_MG1_E8,0.0,0.0,0.0,0.0,0.0,0.0,0.0,0.0,0.0,0.0,0.0,0.0,0.0,0.0,0.0,0.0
KIT_83C_MG1_E9,0.0,0.0,0.0,0.2987241744995117,0.0,0.0,0.0,0.0,0.0,0.0,0.0,0.0,0.42116835713386536,0.0,0.0,0.0
KIT_9C_MG1_E10,0.0,0.0,0.0,0.18914805352687836,0.0,0.0,0.21138212084770203,0.0,0.0,0.0,0.0,0.0,0.0,0.0,0.0,0.1361645758152008
KIT_244C_MG1_E11,0.0,0.11272598057985306,0.0,0.0,0.0,0.0,0.0,0.0,0.0,0.0,0.0,0.0,0.0,0.0,0.0,0.0
KIT_63C_MG1_E12,0.0,0.0,0.0,0.0,0.0,0.0,0.0,0.0,0.0,0.0,0.0,0.0,0.0,0.0,0.0,0.0
KIT_3F_MG1_D2,0.0,0.0,0.0,0.0,0.0,0.0,0.0,0.0,0.0,0.0,0.0,0.0,0.0,0.0,0.0,0.0
KIT_95F_MG1_D3,0.0,0.0,0.0,0.0,0.0,0.0,0.0,0.0,0.0,0.0,0.0,0.0,0.0,0.0,0.0,0.0
KIT_45F_MG1_D4,0.0,0.0,0.0,0.0,0.0,0.0,0.0,0.0,0.0,0.0,0.0,0.0,0.0,0.0,0.0,0.0
KIT_94F_MG1_D5,0.0,0.0,0.0,0.0,0.0,0.0,0.0,0.0,0.0,0.0,0.0,0.0,0.0,0.0,0.0,0.0
KIT_65F_MG1_D6,0.0,0.0,0.0,0.0,0.0,0.0,0.0,0.0,0.0,0.0,0.0,0.0,0.0,0.0,0.0,0.0
KIT_34F_MG1_D7,0.0,0.0,0.0,0.0,0.0,0.0,0.0,0.0,0.0,0.0,0.0,0.0,0.0,0.0,0.0,0.0
KIT_92F_MG1_D8,0.0,0.0,0.0,0.0,0.038297198712825775,0.0,0.0,0.0,0.0,0.0,0.0,0.0,0.0,0.0,0.0,0.0
KIT_96F_MG1_D9,0.0,0.0,0.0,0.0,0.457446813583374,0.0,0.0,0.0,0.0,0.0,0.0,0.0,0.0,0.0,0.0,0.0
KIT_81F_MG1_D10,0.0,0.039179254323244095,0.0,0.2643493115901947,0.0,0.0,0.0,0.0,0.0,0.0,0.0,0.0,0.0,0.0,0.0,0.0
KIT_236F_MG1_D11,0.0,0.0,0.0,0.0,0.0,0.0,0.0,0.0,0.0,0.0,0.0,0.0,0.0,0.0,0.0,0.0
KIT_49F_MG1_D12,0.0,0.03657875955104828,0.0,0.0,0.12340747565031052,0.0,0.41158437728881836,0.0,0.0,0.0,0.0,0.0,0.0,0.0,0.0,0.0
KIT_3N_MG1_C2,0.0,0.0,0.0,0.0,0.0,0.0,0.0,0.0,0.0,0.0,0.0,0.0,0.0,0.0,0.0,0.0
KIT_95N_MG1_C3,0.0,0.0,0.0,0.0,0.0,0.0,0.0,0.0,0.0,0.0,0.0,0.0,0.0,0.0,0.0,0.0
KIT_45N_MG1_C4,0.0,0.0,0.0,0.0,0.0,0.0,0.0,0.0,0.0,0.0,0.0,0.0,0.0,0.0,0.0,0.0
KIT_94N_MG1_C5,0.0,0.0,0.0,0.0,0.0,0.0,0.0,0.0,0.0,0.0,0.0,0.0,0.0,0.0,0.9460590481758118,0.0
KIT_34N_MG1_C7,0.0,0.0,0.0,0.0,0.0,0.0,0.0,0.0,0.0,0.0,0.0,0.0,0.0,0.0,0.0,0.0
KIT_92N_MG1_C8,0.0,0.0,0.0,0.0,0.0,0.0,0.0,0.0,0.0,0.0,0.0,0.0,0.0,0.0,0.0,0.0
KIT_96N_MG1_C9,0.0,0.0,0.0,0.0,0.0,0.0,0.0,0.0,0.0,0.0,0.0,0.0,0.0,0.0,0.0,0.0
KIT_81N_MG1_C10,0.0,0.0,0.0,0.09279768913984299,0.0,0.0,0.0,0.0,0.0,0.0,0.0,0.0,0.0,0.0,0.0,0.0
KIT_236N_MG1_C11,0.0,0.004442450124770403,0.0,0.0,0.01789945177733898,0.0,0.5329996347427368,0.0,0.0,0.0,0.0,0.0,0.3327224850654602,0.0,0.0,0.0
KIT_49N_MG1_C12,0.0,0.0,0.0,0.005391429178416729,0.0,0.0,0.1385805755853653,0.0,0.0,0.0,0.0,0.0,0.0,0.0,0.0,0.0
KIT_3K_MG1_B2,0.0,0.0,0.36862441897392273,0.0,0.0,0.0,0.0,0.0,0.0,0.0,0.0,0.0,0.0,0.0,0.0,0.0
KIT_95K_MG1_B3,0.0,0.0,0.0,0.0,0.0,0.0,0.0,0.0,0.0,0.0,0.0,0.0,0.0,0.0,0.0,0.0
KIT_45K_MG1_B4,0.0,0.0,0.0,0.0,0.0,0.0,0.0,0.0,0.0,0.0,0.0,0.0,0.0,0.0,0.0,0.0
KIT_94K_MG1_B5,0.0,0.0,0.0,0.0,0.0,0.0,0.0,0.0,0.0,0.0,0.0,0.0,0.0,0.0,1.0,0.0
KIT_65K_MG1_B6,0.0,0.0,0.0,0.0,0.0,0.0,0.0,0.0,0.0,0.0,0.0,0.0,0.0,0.0,0.0,0.0
KIT_34K_MG1_B7,0.0,0.0,0.0,0.0,0.0,0.0,0.0,0.0,0.0,0.0,0.0,0.0,0.0,0.0,0.0,0.0
KIT_92K_MG1_B8,0.0,0.0,0.0,0.0,0.0,0.0,0.0,0.0,0.0,0.0,0.0,0.0,0.0,0.0,0.0,0.0
KIT_96K_MG1_B9,0.0,0.0,0.0,0.0,0.0,0.0,0.0,0.0,0.0,0.0,0.0,0.0,0.0,0.0,0.0,0.0
KIT_81K_MG1_B10,0.0,0.0,0.0,0.09466825425624847,0.0,0.0,0.1015625074505806,0.0,0.0,0.0,0.0,0.0,0.21474412083625793,0.0,0.0,0.0
KIT_236K_MG1_B11,0.0,0.0,0.0,0.0,0.0,0.0,0.0,0.0,0.0,0.0,0.0,0.0,0.0,0.0,0.0,0.0
KIT_49K_MG1_B12,0.0,0.04009191691875458,0.0,0.0,0.3551260530948639,0.0,0.0,0.0,0.0,0.0,0.0,0.0,0.0,0.0,0.0,0.0
KIT_3C_MG1_A2,0.0,0.0,0.4398042857646942,0.0,0.0,0.0,0.0,0.0,0.0,0.0,0.0,0.0,0.0,0.0,0.0,0.0
KIT_95C_MG1_A3,0.0,0.0,0.0,0.0,0.0,0.0,0.0,0.0,0.0,0.0,0.0,0.0,0.0,0.0,0.0,0.0
KIT_45C_MG1_A4,0.0,0.0,0.0,0.0,0.0,0.0,0.0,0.0,0.0,0.0,0.0,0.0,0.0,0.0,0.0,0.0
KIT_94C_MG1_A5,0.0,0.0,0.0,0.0,0.0,0.0,0.0,0.0,0.0,0.0,0.0,0.0,0.0,0.0,0.0,0.0
KIT_65C_MG1_A6,0.0,0.0,0.0,0.0,0.0,0.0,0.0,0.0,0.0,0.0,0.0,0.0,0.0,0.0,0.43691787123680115,0.07436518371105194
KIT_34C_MG1_A7,0.0,0.0,0.0,0.13512066006660461,0.007141434587538242,0.0,0.0,0.0,0.282565176486969,0.0,0.0,0.0,0.0,0.0,0.0,0.5798152685165405
KIT_92C_MG1_A8,0.0,0.0,0.0,0.0,0.0,0.0,0.0,0.0,0.0,0.0,0.0,0.0,0.0,0.0,0.0,0.0
KIT_96C_MG1_A9,0.0,0.0,0.0,0.0,0.3471502661705017,0.0,0.0,0.0,0.0,0.0,0.0,0.0,0.0,0.0,0.0,0.0
KIT_81C_MG1_A10,0.0,0.0,0.0,0.21527445316314697,0.0,0.0,0.0,0.0,0.0,0.0,0.0,0.0,0.0,0.0,0.0,0.0
KIT_236C_MG1_A11,0.0,0.0,0.0,0.0,0.0,0.0,0.0,0.0,0.0,0.0,0.0,0.0,0.0,0.0,0.0,0.0
KIT_49C_MG1_A12,0.0,0.6319634914398193,0.0,0.0,0.0,0.0,0.0,0.0,0.0,0.0,0.0,0.0,0.0,0.0,0.0,0.0
KIT_63F_MG2_H1,0.0,0.2061399668455124,0.0,0.0,0.0,0.0,0.0,0.0,0.0,0.0,0.0,0.0,0.0,0.0,0.0,0.0
KIT_4F_MG2_H2,0.0,0.0,0.0,0.0,0.0,0.0,0.0,0.0,0.0,0.0,0.0,0.0,0.0,0.0,0.0,0.0
KIT_60F_MG2_H3,0.0,0.0,0.0,0.0,0.0,0.0,0.0,0.0,0.0,0.0,0.0,0.0,0.0,0.0,0.0,0.0
KIT_38F_MG2_H4,0.0,0.0,0.0,0.0,0.0,0.0,0.0,0.0,0.0,0.0,0.0,0.0,0.0,0.0,0.0,0.0
KIT_21F_MG2_H5,0.0,0.0,0.0,0.0,0.0,0.0,0.0,0.0,0.0,0.0,0.0,0.0,0.0,0.0,0.0,0.0
KIT_249F_MG2_H6,0.0,0.0,0.0,0.0,0.0,0.0,0.0,0.0,0.0,0.0,0.0,0.0,0.0,0.0,0.0,0.0
KIT_41F_MG2_H8,0.0,0.0,0.0,0.0,0.0,0.0,0.0,0.0,0.0,0.0,0.0,0.0,0.0,0.0,0.0,0.0
KIT_65F_MG2_H9,0.0,0.0,0.0,0.0,0.0,0.0,0.0,0.0,0.0,0.0,0.0,0.0,0.0,0.0,0.0,0.0
KIT_53F_MG2_H10,0.0,0.0,0.0,0.0,0.0,0.0,0.0,0.0,0.0,0.0,0.0,0.0,0.0,0.0,0.0,0.0
KIT_13F_MG2_H11,0.0,0.0,0.0,0.0,0.0,0.0,0.0,0.0,0.0,0.0,0.0,0.0,0.0,0.0,0.0,0.0
KIT_999F_MG2_H12,0.0,0.0,0.0,0.0,0.0,0.0,0.0,0.0,0.0,0.0,0.0,0.0,0.0,0.0,0.0,0.0
KIT_63N_MG2_G1,0.0,0.3241376280784607,0.0,0.0,0.0,0.0,0.0,0.0,0.0,0.0,0.0,0.0,0.0,0.0,0.0,0.0
KIT_4N_MG2_G2,0.0,0.0,0.0,0.0,0.0,0.0,0.0,0.0,0.0,0.0,0.0,0.0,0.0,0.0,0.0,0.24496985971927643
KIT_60N_MG2_G3,0.0,0.0,0.0,0.0,0.0,0.0,0.0,0.0,0.0,0.0,0.0,0.0,0.0,0.0,0.0,0.0
KIT_38N_MG2_G4,0.0,0.0,0.0,0.0,0.0,0.0,0.0,1.196022868156433,0.0,0.0,0.0,0.0,0.0,0.0,0.0,0.0
KIT_21N_MG2_G5,0.0,0.0,0.0,0.0,0.0,0.0,0.0,0.0,0.0,0.0,0.0,0.0,0.0,0.0,0.0,0.0
KIT_249N_MG2_G6,0.0,0.0,0.0,0.0,0.21178783476352692,0.0,0.0,0.0,0.0,0.0,0.0,0.0,0.0,0.0,0.0,0.0
KIT_41N_MG2_G8,0.0,0.0,0.0,0.0,0.0,0.0,0.0,0.0,0.0,0.0,0.0,0.0,0.0,0.0,0.0,0.0
KIT_65N_MG2_G9,0.0,0.0,0.0,0.0,0.0,0.0,0.0,0.0,0.0,0.0,0.0,0.0,0.0,0.0,0.0,0.0
KIT_53N_MG2_G10,0.0,0.0,0.0,0.0,0.0,0.0,0.0,0.0,0.0,0.0,0.0,0.0,0.0,0.0,0.0,0.0
KIT_13N_MG2_G11,0.6886504888534546,0.0,0.0,0.0,0.0,0.0,0.0,0.0,0.0,0.0,0.0,0.0,0.0,0.0,0.0,0.0
KIT_999N_MG2_G12,0.0,0.0,0.4169473946094513,0.0,0.0,0.0,0.0,0.0,0.0,0.0,0.0,0.0,0.0,0.0,0.0,0.0
KIT_63K_MG2_F1,0.0,0.0,0.0,0.0,0.028710730373859406,0.0,0.0,0.0,0.0,0.0,0.0,0.0,0.0,0.0,0.0,0.0
KIT_4K_MG2_F2,0.0,0.0,0.0,0.0,0.0,0.0,0.0,0.0,0.0,0.0,0.0,0.0,0.0,0.0,0.0,0.0
KIT_60K_MG2_F3,0.0,0.0,0.0,0.0,0.0,0.0,0.0,0.0,0.0,0.0,0.0,0.0,0.0,0.0,0.0,0.0
KIT_38K_MG2_F4,0.0,0.0,0.0,0.0,0.0,0.0,0.0,0.0,0.0,0.0,0.0,0.0,0.0,0.0,0.0,0.0
KIT_21K_MG2_F5,0.0,0.0,0.0,0.0,0.0,0.0,0.0,0.0,0.0,0.0,0.0,0.0,0.0,0.0,0.0,0.0
KIT_249K_MG2_F6,0.0,0.0,0.0,0.0,0.1619718223810196,0.0,0.0,0.0,0.0,0.0,0.0,0.0,0.0,0.0,0.0,0.0
KIT_41K_MG2_F8,0.0,0.0,0.0,0.0,0.0,0.0,0.0,0.0,0.0,0.0,0.0,0.0,0.0,0.0,0.0,0.0
KIT_65K_MG2_F9,0.0,0.0,0.0,0.0,0.0,0.0,0.0,0.0,0.0,0.0,0.0,0.0,0.0,0.0,0.0,0.0
KIT_53K_MG2_F10,0.0,0.0,0.0,0.0,0.0,0.0,0.0,0.0,0.0,0.0,0.0,0.0,0.0,0.0,0.0,0.0
KIT_13K_MG2_F11,0.0,0.0,0.0,0.0,0.0,0.0,0.0,0.0,0.0,0.0,0.0,0.0,0.0,0.0,0.0,0.0
KIT_999K_MG2_F12,0.0,0.0,0.7373752593994141,0.0,0.0,0.0,0.0,0.0,0.0,0.0,0.0,0.0,0.0,0.0,0.0,0.0
KIT_63C_MG2_E1,0.0,0.5418946743011475,0.0,0.0,0.11127317696809769,0.0,0.0,0.0,0.0,0.0,0.0,0.0,0.0,0.0,0.0,0.0
KIT_4C_MG2_E2,0.0,0.0,0.0,0.0,0.0,0.0,0.6464224457740784,0.0,0.0,0.0,0.0,0.0,0.0,0.0,0.0,0.0
KIT_60C_MG2_E3,0.0,0.0,0.0,0.0,0.0,0.0,0.0,0.0,0.0,0.0,0.0,0.0,0.0,0.0,0.0,0.0
KIT_38C_MG2_E4,0.0,0.0,0.0,0.0,0.0,0.0,0.0,0.0,0.0,0.0,0.0,0.0,0.0,0.0,0.0,0.0
KIT_21C_MG2_E5,0.0,0.0,0.0,0.0,0.0,0.0,0.0,0.0,0.0,0.0,0.0,0.0,0.0,0.0,0.0,0.0
KIT_249C_MG2_E6,0.0,0.0,0.0,0.0,0.017475567758083344,0.0,0.6545650959014893,0.0,0.18696922063827515,0.0,0.0,0.0,0.0,0.0,0.0,0.0
KIT_41C_MG2_E8,0.0,0.0,0.0,0.0,0.0,0.0,0.0,0.0,0.0,0.0,0.0,0.0,0.0,0.0,0.0,0.0
KIT_65C_MG2_E9,0.0,0.0,0.0,0.0,0.0,0.0,0.0,0.0,0.0,0.0,0.0,0.0,0.0,0.0,0.0,0.0
KIT_53C_MG2_E10,0.0,0.0,0.0,0.0,0.0,0.0,0.0,0.0,0.0,0.0,0.0,0.0,0.0,0.0,0.0,0.0
KIT_13C_MG2_E11,0.0452415756881237,0.0,0.0,0.0,0.0,0.0,0.5628975033760071,0.0,0.0,0.0,0.0,0.0,0.0,0.0,0.0,0.0
KIT_999C_MG2_E12,0.0,0.0,0.27519381046295166,0.0,0.0,0.0,0.0,0.0,0.0,0.0,0.0,0.0,0.0,0.0,0.0,0.0
KIT_69F_MG2_D1,0.0,0.0,0.0,0.0,0.0,0.0,0.0,0.0,0.0,0.0,0.0,0.0,0.0,0.0,0.0,0.0
KIT_20F_MG2_D2,0.0,0.0,0.0,0.0,0.0,0.0,0.0,0.0,0.0,0.0,0.0,0.0,0.0,0.0,0.0,0.0
KIT_17F_MG2_D3,0.0,0.0,0.0,0.0,0.0,0.0,0.0,0.0,0.0,0.0,0.0,0.0,0.0,0.0,0.0,0.0
KIT_12F_MG2_D4,0.0,0.0,0.0,0.0,0.703703761100769,0.0,0.0,0.0,0.0,0.0,0.0,0.0,0.0,0.0,0.0,0.0
KIT_250F_MG2_D5,0.0,0.0,0.0,0.0,0.013141941279172897,0.0,0.0,0.0,0.0,0.0,0.0,0.0,0.0,0.0,0.0,0.0
KIT_240F_MG2_D6,0.0,0.0,0.0,0.0,0.0,0.0,0.0,0.0,0.0,0.0,0.0,0.0,0.0,0.0,0.0,0.0
KIT_72F_MG2_D8,0.0,0.0,0.0,0.0,0.0,0.0,0.0,0.0,0.0,0.0,0.0,0.0,0.0,0.0,0.0,0.0
KIT_65F_MG2_D9,0.0,0.0,0.0,0.0,0.0,0.0,0.0,0.0,0.0,0.0,0.0,0.0,0.0,0.0,0.0,0.0
KIT_100F_MG2_D10,0.0,0.0,0.0,0.0,0.0,0.0,0.0,0.0,0.0,0.0,0.0,0.0,0.0,0.0,0.0,0.0
KIT_54F_MG2_D11,0.0,0.0,0.0,0.0,0.0,0.0,0.0,0.0,0.0,0.0,0.0,0.0,0.0,0.0,0.0,0.0
KIT_998F_MG2_D12,0.0,0.0,0.0,0.0,0.0,0.0,0.0,0.0,0.0,0.0,0.0,0.0,0.0,0.0,0.0,0.0
KIT_69N_MG2_C1,0.0,0.0,0.0,0.0,0.0,0.0,0.0,0.0,0.0,0.0,0.0,0.0,0.0,0.0,0.0,0.0
KIT_20N_MG2_C2,0.0,0.0,0.0,0.0,0.05102040246129036,0.0,0.0,0.0,0.0,0.0,0.0,0.0,0.0,0.0,0.0,0.0
KIT_17N_MG2_C3,0.0,0.0,0.0,0.0,0.0,0.0,0.0,0.0,0.0,0.0,0.0,0.0,0.0,0.0,0.0,0.0
KIT_12N_MG2_C4,0.0,0.0,0.0,0.0,0.0,0.0,0.0,0.0,0.0,0.0,0.0,0.0,0.0,0.0,0.0,0.0
KIT_250N_MG2_C5,0.0,0.5253492593765259,0.0,0.0,0.027293367311358452,0.0,0.0,0.0,0.0,0.0,0.0,0.0,0.0,0.0,0.0,0.0
KIT_240N_MG2_C6,0.0,0.0,0.0,0.0,0.0,0.0,0.0,0.0,0.0,0.0,0.0,0.0,0.0,0.0,0.0,0.0
KIT_72N_MG2_C8,0.0,0.0,0.37308844923973083,0.0,0.0,0.0,0.0,0.0,0.0,0.0,0.0,0.0,0.0,0.0,0.0,0.0
KIT_65N_MG2_C9,0.0,0.0,0.0,0.0,0.0,0.0,0.0,0.0,0.0,0.0,0.0,0.0,0.0,0.0,0.0,0.0
KIT_100N_MG2_C10,0.0,0.0,0.0,0.0,0.0,0.0,0.0,0.0,0.0,0.0,0.0,0.0,0.0,0.0,0.0,0.0
KIT_54N_MG2_C11,0.0,0.0,0.0,0.0,0.0,0.0,0.0,0.0,0.0,0.0,0.0,0.0,0.0,0.0,0.0,0.0
KIT_998N_MG2_C12,0.0,0.0,0.10313060134649277,0.0,0.0,0.0,0.0,0.0,0.0,0.0,0.0,0.0,0.0,0.0,0.0,0.0
KIT_69K_MG2_B1,0.0,0.0,0.0,0.0,0.0,0.0,0.0,0.0,0.0,0.0,0.0,0.0,0.0,0.0,0.0,0.0
KIT_20K_MG2_B2,0.0,0.0,0.0,0.0,0.06572770327329636,0.0,0.0,0.0,0.0,0.0,0.0,0.0,0.0,0.0,0.0,0.0
KIT_17K_MG2_B3,0.0,0.0,0.0,0.0,0.0,0.0,0.0,0.0,0.0,0.0,0.0,0.0,0.0,0.0,0.0,0.0
KIT_12K_MG2_B4,0.0,0.0,0.0,0.0,0.05345926061272621,0.0,0.0,0.0,0.0,0.0,0.0,0.0,0.0,0.0,0.0,0.0
KIT_250K_MG2_B5,0.0,0.0,0.0,0.0,0.0,0.0,0.0,0.0,0.0,0.0,0.0,0.0,0.0,0.0,0.0,0.0
KIT_240K_MG2_B6,0.0,0.0,0.0,0.0,0.0,0.0,0.0,0.0,0.0,0.0,0.0,0.0,0.0,0.0,0.0,0.0
KIT_228K_MG2_B7,0.0,0.08069729059934616,0.3514706492424011,0.0,0.0023987474851310253,0.0,0.0,0.0,0.0,0.0,0.0,0.0,0.0,0.0,0.0,0.0
KIT_72K_MG2_B8,0.0,0.0,0.40533703565597534,0.0,0.0015070559456944466,0.0,0.0,0.0,0.0,0.0,0.0,0.0,0.0,0.0,0.0,0.0
KIT_65K_MG2_B9,0.0,0.0,0.14492283761501312,0.0,0.0,0.0,0.0,0.0,0.0,0.0,0.0,0.0,0.0,0.0,0.0,0.0
KIT_100K_MG2_B10,0.0,0.0,0.0,0.0,0.0,0.0,0.0,0.0,0.0,0.0,0.0,0.0,0.0,0.0,0.0,0.0
KIT_54K_MG2_B11,0.0,0.0,0.0,0.0,0.0,0.0,0.0,0.0,0.0,0.0,0.0,0.0,0.0,0.0,0.0,0.0
KIT_998K_MG2_B12,0.0,0.0,0.0,0.0,0.0,0.0,0.0,0.0,0.0,0.0,0.0,0.0,0.0,0.0,0.0,0.0
KIT_69C_MG2_A1,0.0,0.0,0.0,0.0,0.0,0.0,0.0,0.0,0.0,0.0,0.0,0.0,0.0,0.0,0.0,0.0
KIT_20C_MG2_A2,0.0,0.0,0.0,0.0,0.5370516180992126,0.0,0.3926754891872406,0.0,0.0,0.0,0.0,0.0,0.0,0.0,0.0,0.0
KIT_17C_MG2_A3,0.0,0.0,0.0,0.0,0.0,0.0,0.0,0.0,0.0,0.0,0.0,0.0,0.0,0.0,0.0,0.0
KIT_12C_MG2_A4,0.03442592918872833,0.0,0.0,0.022795014083385468,0.0102940509095788,0.11258278042078018,0.0,0.0,0.0,0.0,0.0,0.0,0.0,0.0,0.10135161876678467,0.19424577057361603
KIT_250C_MG2_A5,0.0,0.055817555636167526,0.0,0.0,0.0,0.059102125465869904,0.0,0.0,0.0,0.0,0.0,0.0,0.6431962847709656,0.0,0.0,0.0
KIT_240C_MG2_A6,0.0,0.0,0.0,0.0,0.0,0.0,0.0,0.0,0.0,0.0,0.0,0.0,0.0,0.0,0.0,0.0
KIT_228C_MG2_A7,0.0,0.7288804054260254,0.0,0.0,0.001748173264786601,0.15610018372535706,0.0,0.0,0.0,0.0,0.0,0.0,0.0,0.0,0.0,0.0
KIT_72C_MG2_A8,0.0,0.0,0.38302087783813477,0.0,0.0,0.0,0.0,0.0,0.0,0.0,0.0,0.0,0.0,0.0,0.0,0.0
KIT_65C_MG2_A9,0.0,0.0,0.0,0.0,0.0,0.0,0.0,0.0,0.0,0.0,0.0,0.0,0.0,0.0,0.0,0.0
KIT_100C_MG2_A10,0.0,0.0,0.0,0.0,0.0,0.0,0.0,0.0,0.0,0.0,0.0,0.0,0.0,0.0,0.0,0.0
KIT_54C_MG2_A11,0.0,0.0,0.0,0.0,0.0,0.0,0.0,0.0,0.0,0.0,0.0,0.0,0.0,0.0,0.0,0.0
KIT_998C_MG2_A12,0.0,0.0,0.0,0.0,0.0,0.0,0.0,0.0,0.0,0.0,0.0,0.0,0.0,0.0,0.0,0.0
KIT_246F_MG3_H1,0.0,0.0,0.0,0.0,0.0,0.0,0.0,0.0,0.0,0.0,0.0,0.0,0.0,0.0,0.0,0.0
KIT_247F_MG3_H2,0.0,0.0,0.0,0.0,0.3414379954338074,0.0,0.0,0.0,0.0,0.0,0.0,0.0,0.0,0.0,0.0,0.0
KIT_254F_MG3_H3,0.0,0.0,0.0,0.0,0.8421052694320679,0.0,0.0,0.0,0.0,0.0,0.0,0.0,0.0,0.0,0.0,0.0
KIT_75F_MG3_H4,0.0,0.0,0.0,0.0,0.0,0.0,0.0,0.0,0.0,0.0,0.0,0.0,0.0,0.0,0.0,0.0
KIT_233F_MG3_H5,0.0,0.0,0.0,0.0,0.0,0.0,0.0,0.0,0.0,0.0,0.0,0.0,0.0,0.0,0.0,0.0
KIT_218F_MG3_H6,0.0,0.045301806181669235,0.0,0.0,0.019075118005275726,0.0,0.23318089544773102,0.0,0.0,0.0,0.0,0.0,0.0,0.0,0.0,0.0
KIT_24K_MG3_H7,0.0,0.0,0.0,0.0,0.0,0.0,0.0,0.0,0.0,0.0,0.0,0.0,0.0,0.0,0.0,0.0
KIT_248F_MG3_H8,0.0,0.0,0.0,0.0,0.0,0.06229191645979881,0.0,0.0,0.0,0.0,0.0,0.0,0.0,0.0,0.0,0.0
KIT_BLANK_MG3_H12,0.0,0.0,0.0,0.0,0.0,0.0,0.0,0.0,0.0,0.0,0.0,0.0,0.0,0.0,0.0,0.0
KIT_246N_MG3_G1,0.0,0.0,0.0,0.0,0.0,0.0,0.0,0.0,0.0,0.0,0.0,0.0,0.0,0.0,0.0,0.0
KIT_247N_MG3_G2,0.203123077750206,0.470994234085083,0.0,0.0,0.0,0.0,0.0,0.0,0.0,0.0,0.0,0.0,0.0,0.0,0.0,0.0
KIT_254N_MG3_G3,0.0,0.0,0.0,0.0,0.4340101182460785,0.2020173817873001,0.0,0.0,0.0,0.0,0.0,0.0,0.0,0.0,0.0,0.0
KIT_75N_MG3_G4,0.0,0.0,0.0,0.20767800509929657,0.0,0.0,0.6486684083938599,0.0,0.0,0.0,0.0,0.0,0.0,0.0,0.0,0.0
KIT_233N_MG3_G5,0.0,0.0,0.0,0.0,0.0,0.0,0.0,0.0,0.0,0.0,0.0,0.0,0.0,0.0,0.7969275712966919,0.0
KIT_218N_MG3_G6,0.0,0.0,0.0,0.0,0.0,0.0,0.0,0.0,0.0,0.0,0.0,0.0,0.0,0.0,0.0,0.0
KIT_24C_MG3_G7,0.0,0.0,0.0,0.0,0.0,0.0,0.0,0.0,0.0,0.0,0.0,0.0,0.0,0.0,0.0,0.0
KIT_248N_MG3_G8,0.018306592479348183,0.1275835782289505,0.0,0.002805811120197177,0.0,0.0,0.0,0.0,0.03512409329414368,0.0,0.0,0.0,0.3041687607765198,0.0,0.0,0.0
KIT_BLANK_MG3_G12,0.0,0.0,0.0,0.0,0.0,0.0,0.0,0.0,0.0,0.0,0.0,0.0,0.0,0.0,0.0,0.0
KIT_246K_MG3_F1,0.0,0.0,0.0,0.0,0.005620199721306562,0.0,0.0,0.0,0.0,0.0,0.0,0.0,0.0,0.0,0.0,0.0
KIT_247K_MG3_F2,0.08874423801898956,0.14418397843837738,0.0,0.0,0.3618307411670685,0.0,0.14945098757743835,0.0,0.0,0.0,0.0,0.0,0.0,0.0,0.0,0.0
KIT_254K_MG3_F3,0.0,0.0,0.0,0.0,0.13990847766399384,0.0,0.0,0.0,0.0,0.0,0.0,0.0,0.0,0.0,0.0,0.0
KIT_75K_MG3_F4,0.0,0.0,0.0,0.04877351596951485,0.0,0.0,0.0,0.0,0.0,0.0,0.0,0.0,0.0,0.0,0.0,0.0
KIT_233K_MG3_F5,0.0,0.0,0.0,0.0,0.0,0.0,0.0,0.0,0.0,0.0,0.0,0.0,0.0,0.0,0.0,0.0
KIT_218K_MG3_F6,0.0,0.05725136026740074,0.1096300259232521,0.0,0.0,0.0,0.0,0.0,0.0,0.0,0.0,0.0,0.0,0.0,0.0,0.0
KIT_30K_MG3_F7,0.0,0.0,0.0,0.0,0.0,0.0,0.0,0.0,0.0,0.0,0.0,0.0,0.0,0.0,0.0,0.0
KIT_228K_MG3_F8,0.0,0.280208945274353,0.0,0.007319154683500528,0.0,0.0,0.0,0.0,0.0,0.0,0.0,0.0,0.0,0.0,0.0,0.0
KIT_246C_MG3_E1,0.0,0.0,0.0,0.0,0.0,0.0,0.0,0.0,0.0,0.0,0.0,0.0,0.0,0.0,0.0,0.0
KIT_247C_MG3_E2,0.05351339280605316,0.6232737898826599,0.0,0.001064326148480177,0.02029050886631012,0.0,0.023794211447238922,0.0,0.0,0.0,0.0,0.0,0.012965582311153412,0.0,0.0,0.0
KIT_254C_MG3_E3,0.05055897310376167,0.0,0.0,0.04073281213641167,0.010590748861432076,0.1566663682460785,0.0,0.0,0.0,0.02619081735610962,0.23192377388477325,0.0,0.0,0.0,0.09208934754133224,0.18854475021362305
KIT_75C_MG3_E4,0.0,0.0,0.004087521694600582,0.0,0.0,0.0,0.9054885506629944,0.0,0.0,0.0,0.0,0.08125977218151093,0.0,0.0,0.0,0.0
KIT_233C_MG3_E5,0.0,0.0,0.0,0.0,0.0,0.0,0.06613101810216904,0.0,0.0,0.0,0.0,0.0,0.0,0.0,0.8361262679100037,0.0
KIT_218C_MG3_E6,0.0,0.0,0.010736585594713688,0.0,0.23694756627082825,0.09273572266101837,0.24273203313350677,0.0,0.0,0.0,0.0,0.0,0.0,0.0,0.0,0.0
KIT_30C_MG3_E7,0.0,0.0,0.774061381816864,0.00030754905310459435,0.0003303772828076035,0.0,0.201219841837883,0.0,0.0,0.0,0.0,0.0,0.0,0.0,0.0,0.0
KIT_228C_MG3_E8,0.0,0.4715377390384674,0.0,0.0,0.0,0.036471176892519,0.0,0.0,0.0,0.0,0.0,0.0,0.1813097894191742,0.20176924765110016,0.0,0.0
KIT_BLANK_MG3_E9,0.0,0.0,0.0,0.0,0.0,0.0,0.0,0.0,0.0,0.0,0.0,0.0,0.0,0.0,0.0,0.0
KIT_213F_MG3_D1,0.10349568724632263,0.0,0.2754950225353241,0.0,0.4170427620410919,0.0,0.0,0.0,0.0,0.0,0.0,0.0,0.0,0.0,0.0,0.0
KIT_88F_MG3_D2,0.0,0.0,0.0,0.0,0.0,0.0,0.0,0.0,0.0,0.0,0.0,0.0,0.0,0.0,0.0,0.0
KIT_79F_MG3_D3,0.0,0.0,0.0,0.0,0.0,0.0,0.0,0.0,0.0,0.0,0.0,0.0,0.0,0.0,0.0,0.0
KIT_BLANK_D4_MG3_D4,0.0,0.0,0.0,0.0,0.0,0.0,0.0,0.0,0.0,0.0,0.0,0.0,0.0,0.0,0.0,0.0
KIT_237F_MG3_D5,0.0,0.0,0.0,0.0,0.0,0.0,0.0,0.0,0.0,0.0,0.0,0.0,0.0,0.0,0.0,0.0
KIT_76F_MG3_D6,0.0,0.0,0.0,0.0,0.0,0.0,0.0,0.0,0.0,0.0,0.0,0.0,0.0,0.0,0.0,0.0
KIT_30F_MG3_D7,0.0,0.0,0.0,0.0,0.0,0.0,0.0,0.0,0.0,0.0,0.0,0.0,0.0,0.0,0.0,0.0
KIT_213N_MG3_C1,0.0,0.0,0.27092495560646057,0.0,0.45068681240081787,0.0,0.0,0.0,0.0,0.0,0.0,0.0,0.0,0.0,0.0,0.0
KIT_88N_MG3_C2,0.0,0.006215785630047321,0.0,0.0,0.0,0.0,0.7693319320678711,0.0,0.0,0.0,0.0,0.0,0.0,0.0,0.0,0.007625881116837263
KIT_79N_MG3_C3,0.0,0.0,0.0,0.0,0.0,0.0,0.0,0.0,0.0,0.0,0.0,0.0,0.0,0.0,0.0,0.0
KIT_BLANK_C4_MG3_C4,0.0,0.0,0.0,0.0,0.0,0.0,0.0,0.0,0.0,0.0,0.0,0.0,0.0,0.0,0.0,0.0
KIT_237N_MG3_C5,0.0,0.0,0.0,0.0,0.0,0.0,0.915986955165863,0.0,0.0,0.0,0.0,0.0,0.0,0.0,0.0,0.0
KIT_76N_MG3_C6,0.12194707244634628,0.0,0.0,0.0,0.0,0.0,0.0,0.0,0.0,0.0,0.0,0.0,0.0,0.0,0.0,0.0
KIT_30N_MG3_C7,0.0,0.0,0.9826794862747192,0.0,0.0,0.0,0.0,0.0,0.0,0.0,0.0,0.0,0.0,0.0,0.0,0.0
KIT_213K_MG3_B1,0.0,0.0,0.0,0.0,0.14909330010414124,0.0,0.06393636018037796,0.0,0.0,0.1253829449415207,0.0,0.0,0.0,0.0,0.0,0.0
KIT_88K_MG3_B2,0.0,0.0,0.0,0.0,0.0,0.0,0.5326170921325684,0.0,0.0,0.0,0.0,0.0,0.0,0.0,0.0,0.08345207571983337
KIT_79K_MG3_B3,0.0,0.0,0.0,0.0,0.0,0.0,0.0,0.0,0.0,0.0,0.0,0.0,0.0,0.0,0.0,0.0
KIT_BLANK_B4_MG3_B4,0.0,0.0,0.0,0.0,0.0,0.0,0.0,0.0,0.0,0.0,0.0,0.0,0.0,0.0,0.0,0.0
KIT_237K_MG3_B5,0.0,0.0,0.0,0.0,0.0,0.0,0.0,0.0,0.0,0.0,0.0,0.0,0.0,0.0,0.0,0.05735846981406212
KIT_76K_MG3_B6,0.0,0.0,0.0,0.0,0.0,0.0,0.0,0.0,0.0,0.0,0.0,0.0,0.0,0.0,0.0,0.0
KIT_248K_MG3_B7,0.0,0.27290380001068115,0.0,0.0,0.0,0.0,0.0,0.0,0.0,0.0,0.0,0.0,0.0,0.0,0.0,0.0
KIT_213C_MG3_A1,0.0,0.06561167538166046,0.0,0.0,0.030551515519618988,0.02543729357421398,0.14408285915851593,0.013073314912617207,0.0,0.2216493934392929,0.0,0.0,0.03019765205681324,0.0,0.0,0.09237800538539886
KIT_88C_MG3_A2,0.0,0.0,0.0,0.0,0.0,0.0,0.34304460883140564,0.0,0.0,0.0,0.0,0.0,0.0,0.1650485396385193,0.0,0.0
KIT_79C_MG3_A3,0.0,0.0,0.0,0.0,0.0,0.0,0.0,0.0,0.0,0.0,0.0,0.0,0.0,0.0,0.0,0.0
KIT_BLANK_A4_MG3_A4,0.0,0.0,0.0,0.0,0.0,0.0,0.0,0.0,0.0,0.0,0.0,0.0,0.0,0.0,0.0,0.0
KIT_237C_MG3_A5,0.0,0.0,0.0,0.0,0.0,0.0,0.0,0.0,0.0,0.0,0.0,0.0,0.0,0.0,0.0,0.0
KIT_76C_MG3_A6,0.05941712111234665,0.0,0.0,0.00045633933041244745,0.0,0.042584698647260666,0.18666738271713257,0.0,0.0,0.0,0.0,0.0,0.0,0.0,0.0,0.0
KIT_248C_MG3_A7,0.0,0.46024683117866516,0.0,0.0,0.036511071026325226,0.0,0.24166572093963623,0.0,0.0,0.0,0.0,0.11583011597394943,0.0,0.0,0.0,0.0
KIT_BLANK_MG3_A8,0.0,0.0,0.0,0.0,0.0,0.0,0.0,0.0,0.0,0.0,0.0,0.0,0.0,0.0,0.0,0.0
KIT_303K_MG4_A1,0.0,0.0,0.0,0.0,0.0,0.0,0.0,0.0,0.0,0.0,0.0,0.0,0.0,0.0,0.0,0.0
KIT_303N_MG4_B1,0.0,0.0,0.0,0.0,0.0,0.0,0.0,0.0,0.0,0.0,0.0,0.0,0.0,0.0,0.0,0.0
KIT_303F_MG4_C1,0.0,0.0,0.0,0.0,0.0,0.0,0.0,0.0,0.0,0.0,0.0,0.0,0.0,0.0,0.0,0.0
KIT_221A_MG4_D1,0.0,0.0,0.0,0.005722912028431892,0.0,0.0,0.0,0.0,0.0,0.0,0.0,0.0,0.0,0.0,0.0,0.0
KIT_221C_MG4_E1,0.0,0.4187873601913452,0.0,0.0,0.0,0.0,0.0,0.0,0.0,0.0,0.0,0.0,0.0,0.0,0.0,0.0
KIT_221K_MG4_F1,0.0,0.0,0.0,0.0,0.0,0.0,0.0,0.0,0.0,0.0,0.0,0.0,0.0,0.0,0.0,0.0
KIT_221N_MG4_G1,0.0,0.8104802370071411,0.0,0.0,0.0,0.0,0.0,0.0,0.0,0.0,0.0,0.0,0.0,0.0,0.0,0.0
KIT_221F_MG4_H1,0.0,0.31203553080558777,0.0,0.0,0.0,0.0,0.0,0.0,0.0,0.0,0.0,0.0,0.0,0.0,0.0,0.0
KIT_21N_MG4_A2,0.0,0.0,0.0,0.0,0.0,0.0,0.0,0.0,0.0,0.0,0.0,0.0,0.0,0.0,0.0,0.0
KIT_21F_MG4_B2,0.0,0.0,0.0,0.0,0.0,0.0,0.0,0.0,0.0,0.0,0.0,0.0,0.0,0.0,0.0,0.0
KIT_69C_MG4_C2,0.0,0.0,0.0,0.0,0.0,0.0,0.0,0.0,0.0,0.0,0.0,0.0,0.0,0.0,0.0,0.0
KIT_69K_MG4_D2,0.0,0.0,0.0,0.0,0.0,0.0,0.0,0.0,0.0,0.0,0.0,0.0,0.0,0.0,0.0,0.0
KIT_69N_MG4_E2,0.0,0.40732985734939575,0.0,0.0,0.0,0.0,0.0,0.0,0.0,0.0,0.0,0.0,0.0,0.0,0.0,0.0
KIT_69F_MG4_F2,0.0,0.023898649960756302,0.0,0.0,0.0,0.0,0.0,0.0,0.0,0.0,0.0,0.0,0.0,0.0,0.0,0.0
KIT_303A_MG4_G2,0.0,0.0,0.0,0.0,0.0,0.0,0.0,0.0,0.0,0.0,0.0,0.0,0.0,0.0,0.0,0.0
KIT_303C_MG4_H2,0.0,0.0,0.0,0.0,0.0,0.0,0.0,0.0,0.0,0.0,0.0,0.0,0.0,0.0,0.0,0.0
KIT_53C_MG4_A3,0.0,0.0,0.0,0.0,0.0,0.0,0.0,0.0,0.0,0.0,0.0,0.0,0.0,0.0,0.0,0.0
KIT_53K_MG4_B3,0.0,0.0,0.0,0.0,0.005348405800759792,0.0,0.0,0.0,0.0,0.0,0.0,0.0,0.0,0.0,0.0,0.0
KIT_53N_MG4_C3,0.0,0.0,0.0,0.0,0.0,0.0,0.0,0.0,0.0,0.0,0.0,0.0,0.0,0.0,0.0,0.0
KIT_53F_MG4_D3,0.0,0.0,0.0,0.0,0.0,0.0,0.0,0.0,0.0,0.0,0.0,0.0,0.0,0.0,0.0,0.0
KIT_72C_MG4_E3,0.0,0.0,0.0,0.0,0.0,0.0,0.9700742363929749,0.0,0.0,0.0,0.0,0.0,0.0,0.0,0.0,0.0
KIT_72K_MG4_F3,0.0,0.0,0.0,0.0,0.0,0.0,0.0,0.0,0.0,0.0,0.0,0.0,0.0,0.0,0.0,0.0
KIT_72N_MG4_G3,0.0,0.0,0.0,0.0,0.0,0.0,1.1616345643997192,0.0,0.0,0.0,0.0,0.0,0.0,0.0,0.0,0.0
KIT_72F_MG4_H3,0.0,0.0,0.0,0.0,0.0,0.0,0.0,0.0,0.0,0.0,0.0,0.0,0.0,0.0,0.0,0.0
KIT_79C_MG4_A4,0.0,0.0,0.22192420065402985,0.0,0.0,0.0,0.0,0.0,0.0,0.0,0.0,0.0,0.0,0.0,0.0,0.0
KIT_79K_MG4_B4,0.0,0.0,0.0,0.0,0.0,0.0,0.0,0.0,0.0,0.0,0.0,0.0,0.0,0.0,0.0,0.0
KIT_79N_MG4_C4,0.0,0.0,0.0,0.0,0.0,0.0,0.0,0.0,0.0,0.0,0.0,0.0,0.0,0.0,0.0,0.0
KIT_79F_MG4_D4,0.0,0.0,0.0,0.0,0.0,0.0,0.0,0.0,0.0,0.0,0.0,0.0,0.0,0.0,0.0,0.0
KIT_240C_MG4_E4,0.0,0.0,0.0,0.0,0.006981892045587301,0.0,0.0,0.0,0.0,0.0,0.0,0.0,0.0,0.0,0.0,0.0
KIT_240K_MG4_F4,0.0,0.0,0.0,0.0,0.0,0.0,0.0,0.0,0.0,0.0,0.0,0.0,0.0,0.0,0.0,0.0
KIT_240N_MG4_G4,0.0,0.0,0.0,0.0,0.0,0.0,0.0,0.0,0.0,0.0,0.0,0.0,0.0,0.0,0.0,0.0
KIT_240F_MG4_H4,0.0,0.0,0.0,0.0,0.0,0.0,0.0,0.0,0.0,0.0,0.0,0.0,0.0,0.0,0.0,0.0
KIT_246C_MG4_A5,0.0,0.0,0.0,0.0,0.0,0.0,0.0,0.0,0.0,0.0,0.0,0.0,0.0,0.0,0.0,0.0
KIT_246K_MG4_B5,0.0,0.0,0.0,0.0,0.0,0.0,0.0,0.0,0.0,0.0,0.0,0.0,0.0,0.0,0.0,0.0
KIT_246N_MG4_C5,0.0,0.0,0.0,0.0,0.0,0.0,0.0,0.0,0.0,0.0,0.0,0.0,0.0,0.0,0.0,0.0
KIT_246F_MG4_D5,0.0,0.0,0.0,0.0,0.0,0.0,0.0,0.0,0.0,0.0,0.0,0.0,0.0,0.0,0.0,0.0
KIT_93C_MG4_E5,0.0,0.0,0.9056565165519714,0.0,0.0,0.0,0.0,0.0,0.0,0.0,0.0,0.0,0.0,0.0,0.0,0.13264687359333038
KIT_93K_MG4_F5,0.0,0.0,0.34425684809684753,0.0,0.0,0.0,0.0,0.0,0.0,0.0,0.0,0.0,0.0,0.0,0.0,0.0
KIT_93N_MG4_G5,0.0,0.0,0.6531093120574951,0.0,0.0,0.0,0.0,0.0,0.0,0.0,0.0,0.0,0.0,0.0,0.0,0.0
KIT_93F_MG4_H5,0.0,0.0,0.0,0.0,0.0,0.0,0.0,0.0,0.0,0.0,0.0,0.0,0.0,0.0,0.0,0.0
KIT_61C_MG4_A6,0.0,0.0,0.0,0.0,0.0,0.0,0.0,0.0,0.0,0.0,0.0,0.0,0.0,0.0,0.0,0.0
KIT_61K_MG4_B6,0.0,0.0,0.0,0.0,0.0,0.0,0.0,0.0,0.0,0.0,0.0,0.0,0.0,0.0,0.0,0.0
KIT_61N_MG4_C6,0.0,0.0,0.0,0.0,0.0,0.0,0.0,0.0,0.0,0.0,0.0,0.0,0.0,0.0,0.0,0.0
KIT_61F_MG4_D6,0.0,0.0,0.0,0.0,0.0,0.0,0.0,0.0,0.0,0.0,0.0,0.0,0.0,0.0,0.0,0.0
KIT_3C_MG4_E6,0.0,0.0,0.0,0.0,0.0,0.0,0.0,0.0,0.0,0.0,0.0,0.0,0.0,0.0,0.0,0.0
KIT_3K_MG4_F6,0.0,0.0,0.0,0.0,0.0,0.0,0.0,0.0,0.0,0.0,0.0,0.0,0.0,0.0,0.0,0.0
KIT_3N_MG4_G6,0.0,0.0,0.0,0.0,0.0,0.0,0.0,0.0,0.0,0.0,0.0,0.0,0.0,0.0,0.0,0.0
KIT_3F_MG4_H6,0.0,0.0,0.0,0.0,0.0,0.0,0.0,0.0,0.0,0.0,0.0,0.0,0.0,0.0,0.0,0.0
KIT_45C_MG4_A7,0.0,0.0,0.0,0.0,0.0,0.0,0.0,0.0,0.0,0.0,0.0,0.0,0.0,0.0,0.0,0.0
KIT_45K_MG4_B7,0.0,0.0,0.0,0.0,0.0,0.0,0.0,0.0,0.0,0.0,0.0,0.0,0.0,0.0,0.0,0.0
KIT_45N_MG4_C7,0.0,0.0,0.43691983819007874,0.0,0.0,0.0,0.0,0.0,0.0,0.0,0.0,0.0,0.0,0.0,0.0,0.0
KIT_45F_MG4_D7,0.0,0.0,0.0,0.0,0.0,0.0,0.0,0.0,0.0,0.0,0.0,0.0,0.0,0.0,0.0,0.0
KIT_244C_MG4_E7,0.0,0.0,0.0,0.0,0.0,0.0,0.0,0.0,0.0,0.0,0.0,0.0,0.0,0.0,0.0,0.0
KIT_244K_MG4_F7,0.0,0.0,0.0,0.0,0.0,0.0,0.0,0.0,0.0,0.0,0.0,0.0,0.0,0.0,0.0,0.0
KIT_244N_MG4_G7,0.0,0.0,0.0,0.0,0.0,0.0,0.0,0.0,0.0,0.0,0.0,0.0,0.0,0.0,0.0,0.0
KIT_244F_MG4_H7,0.0,0.059139903634786606,0.0,0.0,0.0,0.0,0.0,0.0,0.0,0.0,0.0,0.0,0.0,0.0,0.0,0.0
KIT_65C_MG4_A8,0.0,0.0,0.0,0.0,0.0,0.0,0.0,0.0,0.0,0.0,0.0,0.0,0.0,0.0,0.0,0.0
KIT_96K_MG4_B8,0.0,0.0,0.0,0.0,0.0,0.0,0.0,0.0,0.0,0.0,0.0,0.0,0.0,0.0,0.0,0.0
KIT_96N_MG4_C8,0.017159899696707726,0.0,0.0,0.0,0.6036091446876526,0.0,0.0,0.0,0.0,0.0,0.0,0.0,0.0,0.0,0.0,0.0
KIT_96F_MG4_D8,0.22009842097759247,0.0,0.0,0.0,0.0,0.0,0.0,0.0,0.0,0.0,0.0,0.0,0.0,0.0,0.0,0.0
KIT_90C_MG4_E8,0.0,0.0,0.0,0.0,0.0,0.0,0.0,0.0,0.0,0.0,0.0,0.0,0.0,0.0,0.0,0.0
KIT_90K_MG4_F8,0.0,0.0,0.8327284455299377,0.0,0.0,0.0,0.0,0.0,0.0,0.0,0.0,0.0,0.0,0.0,0.0,0.0
KIT_90N_MG4_G8,0.0,0.0,0.0,0.0,0.0,0.0,0.0,0.0,0.0,0.0,0.0,0.0,0.0,0.0,0.0,0.0
KIT_90F_MG4_H8,0.0,0.0,0.0,0.0,0.0,0.0,0.0,0.0,0.0,0.0,0.0,0.0,0.0,0.0,0.0,0.0
KIT_C2C2_MG4_A9,0.0,0.0,0.0,0.0,0.0,0.0,0.0,0.0,0.0,0.0,0.0,0.0,0.0,0.0,0.0,0.0
KIT_83C_MG4_B9,0.0,0.0,0.0,0.4002409279346466,0.0,0.0,0.02540203183889389,0.0,0.0,0.0,0.0,0.0,0.5678635239601135,0.0,0.0,0.0
KIT_83K_MG4_C9,0.0,0.0,0.0,0.0,0.0,0.0,0.0,0.0,0.0,0.0,0.0,0.0,0.0,0.0,0.0,0.0
KIT_83N_MG4_D9,0.0,0.0,0.0,0.2914589047431946,0.0,0.0,0.11050184816122055,0.0,0.18742769956588745,0.0,0.0,0.0,0.0,0.0,0.0,0.0
KIT_83F_MG4_E9,0.0,0.0,0.0,0.0,0.0,0.0,0.0,0.0,0.0,0.0,0.0,0.0,0.0,0.0,0.0,0.0
KIT_65C_MG4_F9,0.0,0.0,0.0,0.0,0.0,0.0,0.3815079927444458,0.0,0.0,0.07665399461984634,0.0,0.0,0.0,0.0,0.5452238917350769,0.0
KIT_65K_MG4_G9,0.0,0.0,0.0,0.0,0.0,0.0,0.0,0.0,0.0,0.0,0.0,0.0,0.0,0.0,0.0,0.0
KIT_65N_MG4_H9,0.0,0.0,0.0,0.0,0.0,0.0,0.3805256485939026,0.0,0.0,0.0,0.0,0.0,0.0,0.0,0.0,0.0
KIT_82C_MG4_A10,0.0,0.0,0.0,0.0,0.0,0.0,0.0,0.0,0.0,0.0,0.0,0.0,0.0,0.0,0.0,0.0
KIT_82K_MG4_B10,0.0,0.0,0.0,0.0,0.015698427334427834,0.0,0.0,0.0,0.0,0.0,0.0,0.0,0.0,0.0,0.0,0.0
KIT_82N_MG4_C10,0.0,0.0,0.0,0.0,0.0,0.0,0.0,0.0,0.0,0.0,0.0,0.0,0.0,0.0,0.0,0.0
KIT_82F_MG4_D10,0.0,0.0,0.0,0.0,0.0,0.0,0.0,0.0,0.0,0.0,0.0,0.0,0.0,0.0,0.0,0.0
KIT_35C_MG4_E10,0.0,0.0,0.0,0.0,0.0,0.0,0.9532245993614197,0.0,0.0,0.0,0.0,0.0,0.0,0.0,0.0,0.0
KIT_35K_MG4_F10,0.0,0.0,0.0,0.0,0.0,0.0,1.184322714805603,0.0,0.0,0.0,0.0,0.0,0.0,0.0,0.0,0.0
KIT_35N_MG4_G10,0.0,0.0,0.0,0.0,0.0,0.0,0.9277689456939697,0.0,0.04768739268183708,0.0,0.0,0.0,0.0,0.0,0.0,0.0
KIT_35F_MG4_H10,0.0,0.0,0.0,0.0,0.0,0.0,0.0,0.0,0.0,0.0,0.0,0.0,0.0,0.0,0.0,0.0
KIT_98C_MG4_A11,0.15998809039592743,0.0,0.0,0.0,0.0,0.0,0.34129777550697327,0.0,0.0,0.0,0.0,0.0,0.0636109784245491,0.0,0.0,0.0
KIT_98K_MG4_B11,0.0,0.0,0.0,0.0,0.0,0.0,0.24869737029075623,0.0,0.0,0.0,0.0,0.0,0.0,0.0,0.0,0.0
KIT_98N_MG4_C11,0.0,0.0,0.0,0.0,0.0,0.0,0.48169323801994324,0.0,0.0,0.0,0.0,0.0,0.0,0.0,0.0,0.0
KIT_98F_MG4_D11,0.13052932918071747,0.0,0.0,0.0,0.002423164900392294,0.0,0.30277320742607117,0.0,0.0,0.0,0.0,0.0,0.0,0.0,0.0,0.0
KIT_77C_MG4_E11,0.0,0.0,0.0,0.0,0.0,0.0,0.0,0.0,0.0,0.0,0.0,0.0,0.0,0.0,0.9404477477073669,0.0
KIT_77K_MG4_F11,0.0,0.0,0.0,0.0,0.0,0.0,0.0,0.0,0.0,0.0,0.0,0.0,0.0,0.0,0.5822940468788147,0.0
KIT_77N_MG4_G11,0.0,0.0,0.0,0.0,0.0,0.0,0.0,0.0,0.0,0.0,0.0,0.0,0.0,0.0,0.7771518230438232,0.0
KIT_77F_MG4_H11,0.0,0.0,0.0,0.0,0.6686891317367554,0.0,0.0,0.0,0.0,0.0,0.0,0.0,0.0,0.0,0.38956812024116516,0.0
KIT_MOCK7_MG4_A12,0.0,0.0,0.0,0.0,0.0,0.0,0.0,0.0,0.0,0.0,0.0,0.0,0.0,0.0,0.0,0.0
KIT_MOCK4_MG4_B12,0.0,0.0,0.7218806743621826,0.0,0.0,0.0,0.0,0.0,0.0,0.0,0.0,0.0,0.0,0.0,0.0,0.0
KIT_MOCK1_MG4_C12,0.0,0.0,0.3031803369522095,0.0,0.0,0.0,0.0,0.0,0.0,0.0,0.0,0.0,0.0,0.0,0.0,0.0
KIT_ISO_MG4_D12,0.0,0.0,0.0,0.0,0.0,0.0,0.0,0.0,0.0,0.0,0.0,0.0,0.0,0.0,0.0,0.0
KIT_ISO_MG4_E12,0.0,0.0,0.0,0.0,0.0,0.0,0.0,0.0,0.0,0.0,0.0,0.0,0.0,0.0,0.0,0.0
KIT_ISO_MG4_F12,0.0,0.0,0.0,0.0,0.0,0.0,0.0,0.0,0.0,0.0,0.0,0.0,0.0,0.0,0.0,0.0
KIT_21C_MG4_G12,0.0,0.0,0.0,0.0,0.0,0.0,0.0,0.0,0.0,0.0,0.0,0.0,0.0,0.0,0.0,0.0
KIT_21K_MG4_H12,0.0,0.0,0.0,0.0,0.0,0.0,0.0,0.0,0.0,0.0,0.0,0.0,0.0,0.0,0.0,0.0
KIT_74C_MG5_A1,0.0,0.0,0.0,0.0,0.0,0.0,0.005916826892644167,0.0,0.6188289523124695,0.0,0.0,0.0,0.0,0.0,0.0,0.0
KIT_74K_MG5_B1,0.0,0.0,0.0,0.0,0.0,0.0,0.0,0.0,0.7213878035545349,0.0,0.0,0.0,0.0,0.0,0.0,0.0
KIT_74N_MG5_C1,0.0,0.0,0.0,0.0,0.0,0.0,0.0,0.0,0.0,0.0,0.0,0.0,0.0,0.0,0.0,0.0
KIT_74F_MG5_D1,0.0,0.0,0.0,0.0,0.0,0.0,0.20152394473552704,0.0,0.7545939683914185,0.0,0.0,0.0,0.0,0.0,0.0,0.0
KIT_71C_MG5_E1,0.0,0.0,0.0,0.0,0.0,0.0,0.0,0.0,0.0,0.0,0.0,0.0,0.0,0.0,0.0,0.0
KIT_71K_MG5_F1,0.0,0.0,0.0,0.0,0.0,0.0,0.0,0.0,0.0,0.0,0.0,0.0,0.0,0.0,0.0,0.0
KIT_71N_MG5_G1,0.0,0.0,0.0,0.0,0.0,0.0,0.0,0.0,0.0,0.0,0.0,0.0,0.0,0.0,0.0,0.0
KIT_71F_MG5_H1,0.0,0.0,0.0,0.0,0.0,0.0,0.0,0.0,0.0,0.0,0.0,0.0,0.0,0.0,0.0,0.0
KIT_66C_MG5_A2,0.0,0.0,0.0,0.0,0.0,0.0,0.0,0.0,0.0,0.03378525748848915,0.0,0.0,0.0,0.0,0.0,0.08501501381397247
KIT_66K_MG5_B2,0.0,0.0,0.521562397480011,0.0,0.0,0.0,0.0,0.0,0.0,0.0,0.0,0.0,0.0,0.0,0.0,0.2588413953781128
KIT_66N_MG5_C2,0.0,0.0,0.0,0.0,0.0,0.0,0.0,0.0,0.0,0.0,0.0,0.0,0.0,0.0,0.0,0.0
KIT_66F_MG5_D2,0.0,0.0,0.4255351126194,0.0,0.0,0.0,0.0,0.0,0.0,0.0,0.0,0.0,0.0,0.0,0.0,0.4238898754119873
KIT_80C_MG5_E2,0.0,0.0,0.0,0.0,0.0,0.0,0.0,0.0,0.0,0.0,0.0,0.0,0.0,0.0,0.0,0.0
KIT_80K_MG5_F2,0.0,0.0,0.0,0.0,0.0,0.0,0.0,0.0,0.0,0.0,0.0,0.0,0.0,0.0,0.0,0.0
KIT_80N_MG5_G2,0.0,0.0,0.0,0.0,0.0,0.0,0.0,0.0,0.0,0.0,0.0,0.0,0.0,0.0,0.0,0.0
KIT_80F_MG5_H2,0.0,0.0,0.0,0.0,0.0,0.0,0.0,0.0,0.0,0.0,0.0,0.0,0.0,0.0,0.0,0.0
KIT_64C_MG5_A3,0.0,0.0,0.40673843026161194,0.0,0.0,0.0,0.0,0.0,0.0,0.0,0.0,0.0,0.0,0.0,0.0,0.0
KIT_64K_MG5_B3,0.0,0.0,0.0,0.0,0.005844317376613617,0.0,0.0,0.0,0.0,0.0,0.0,0.0,0.0,0.0,0.0,0.0
KIT_64N_MG5_C3,0.0,0.0,0.4988415837287903,0.0,0.0,0.0,0.0,0.0,0.0,0.0,0.0,0.0,0.0,0.0,0.0,0.0
KIT_64F_MG5_D3,0.0,0.0,0.7461352944374084,0.0,0.0,0.0,0.0,0.0,0.0,0.0,0.0,0.0,0.0,0.0,0.0,0.0
KIT_85C_MG5_E3,0.0,0.0,0.0,0.0,0.0,0.0,0.0,0.0,0.0,0.0,0.0,0.0,0.0,0.0,0.0,0.0
KIT_85K_MG5_F3,0.0,0.0,0.0,0.0,0.0,0.0,0.0,0.0,0.0,0.0,0.0,0.0,0.0,0.0,0.0,0.0
KIT_85N_MG5_G3,0.0,0.0,0.0,0.0,0.0,0.0,0.0,0.0,0.0,0.0,0.0,0.0,0.0,0.0,0.0,0.0
KIT_85F_MG5_H3,0.0,0.0,0.0,0.0,0.0,0.0,0.0,0.0,0.0,0.0,0.0,0.0,0.0,0.0,0.0,0.0
KIT_94C_MG5_A4,0.0,0.0,0.0,0.0,0.0,0.0,0.0,0.0,0.0,0.0,0.0,0.0,0.0,0.0,0.0,0.0
KIT_94K_MG5_B4,0.0,0.0,0.0,0.0,0.0,0.0,0.0,0.0,0.0,0.0,0.0,0.0,0.0,0.0,0.9291686415672302,0.0
KIT_94N_MG5_C4,0.0,0.0,0.0,0.0,0.0,0.0,0.0,0.0,0.0,0.0,0.0,0.0,0.0,0.0,0.905086874961853,0.0
KIT_94F_MG5_D4,0.0,0.0,0.0,0.0,0.0,0.0,0.0,0.0,0.0,0.0,0.0,0.0,0.0,0.0,0.6831956505775452,0.0
KIT_68C_MG5_E4,0.0,0.0,0.0,0.0,0.0,0.0,0.8273648023605347,0.0,0.12482986599206924,0.0,0.0,0.0,0.0,0.0,0.0,0.0
KIT_68K_MG5_F4,0.0,0.0,0.0,0.0,0.0,0.0,0.9019297957420349,0.0,0.0,0.0,0.0,0.0,0.0,0.0,0.0,0.0
KIT_68N_MG5_G4,0.0,0.0,0.0,0.0,0.0,0.0,0.9604881405830383,0.0,0.0,0.0,0.0,0.0,0.0,0.0,0.0,0.01951904408633709
KIT_68F_MG5_H4,0.0,0.0,0.0,0.0,0.0,0.0,0.0,0.0,0.0,0.0,0.0,0.0,0.0,0.0,0.0,0.0
KIT_24C_MG5_A5,0.0,0.0,0.8432866930961609,0.0,0.0,0.0,0.0,0.0,0.0,0.0,0.0,0.0,0.0,0.0,0.0,0.0
KIT_24K_MG5_B5,0.0,0.0,0.0,0.0,0.0,0.0,0.0,0.0,0.0,0.0,0.0,0.0,0.0,0.0,0.0,0.0
KIT_24N_MG5_C5,0.0,0.0,0.0,0.0,0.0,0.0,0.0,0.0,0.0,0.0,0.0,0.0,0.0,0.0,0.9999897480010986,0.0
KIT_24F_MG5_D5,0.0,0.0,0.0,0.0,0.0,0.0,0.0,0.0,0.0,0.0,0.0,0.0,0.0,0.0,0.061475202441215515,0.0
KIT_30C_MG5_E5,0.0,0.0,0.9825651049613953,0.0,0.0,0.0,0.0,0.0,0.0,0.0,0.0,0.0,0.0,0.0,0.0,0.0
KIT_30K_MG5_F5,0.0,0.0,0.0,0.0,0.0,0.0,0.0,0.0,0.0,0.0,0.0,0.0,0.0,0.0,0.0,0.0
KIT_30N_MG5_G5,0.0,0.0,0.8208987712860107,0.0,0.0,0.0,0.17707890272140503,0.0,0.0,0.0,0.0,0.0,0.0,0.0,0.0,0.0
KIT_30F_MG5_H5,0.0,0.0,0.0,0.0,0.0,0.0,0.0,0.0,0.0,0.0,0.0,0.0,0.0,0.0,0.0,0.0
KIT_100C_MG5_A6,0.0,0.0,0.0,0.0,0.0,0.0,0.0,0.0,0.0,0.0,0.0,0.0,0.0,0.0,0.0,0.0
KIT_100K_MG5_B6,0.0,1.1269118785858154,0.0,0.0,0.0,0.0,0.0,0.0,0.0,0.0,0.0,0.0,0.0,0.0,0.0,0.0
KIT_100N_MG5_C6,0.0,0.41411739587783813,0.21550828218460083,0.0,0.0,0.0,0.0,0.0,0.0,0.0,0.0,0.0,0.0,0.0,0.0,0.0
KIT_100F_MG5_D6,0.0,0.0,0.6319943070411682,0.0,0.0,0.0,0.0,0.0,0.0,0.0,0.0,0.0,0.0,0.0,0.0,0.0
KIT_8C_MG5_E6,0.0,0.0,0.0,0.0,0.0,0.0,0.0,0.0,0.0,0.0,0.0,0.0,0.0,0.0,0.0,0.0
KIT_8K_MG5_F6,0.0,0.0,0.0,0.0,0.0,0.0,0.0,0.0,0.0,0.0,0.0,0.0,0.0,0.0,0.32634973526000977,0.0
KIT_8N_MG5_G6,0.0,0.0,0.27955693006515503,0.0,0.0,0.0,0.0,0.0,0.0,0.0,0.0,0.0,0.0,0.0,0.0,0.0
KIT_8F_MG5_H6,0.0,0.0,0.0,0.0,0.0,0.0,0.0,0.0,0.0,0.0,0.0,0.0,0.0,0.0,0.0,0.0
KIT_222K_MG5_A7,0.0,0.0,0.0,0.0,0.0,0.0,0.0,0.0,0.0,0.0,0.0,0.0,0.0,0.0,0.0,0.0
KIT_222N_MG5_B7,0.0,0.0,0.0,0.0,0.0,0.0,0.0,1.0666863918304443,0.0,0.0,0.0,0.0,0.0,0.0,0.0,0.0
KIT_222F_MG5_C7,0.0,0.0,0.0,0.0,0.0,0.0,0.0,0.0,0.0,0.0,0.0,0.0,0.0,0.0,0.0,0.0
KIT_318A_MG5_D7,0.0,0.0,0.0,0.0,0.0,0.0,0.0,0.0,0.0,0.0,0.0,0.0,0.0,0.0,0.0,0.0
KIT_318C_MG5_E7,0.0,0.0,0.0,0.0,0.0,0.0,1.0,0.0,0.0,0.0,0.0,0.0,0.0,0.0,0.0,0.0
KIT_318K_MG5_F7,0.0,0.0,0.0,0.0,0.0,0.0,0.0,0.0,0.0,0.0,0.0,0.0,0.0,0.0,0.0,0.0
KIT_318N_MG5_G7,0.0,0.0,0.0,0.0,0.0,0.0,0.0,0.0,0.0,0.0,0.0,0.0,0.0,0.0,0.0,0.0
KIT_318F_MG5_H7,0.0,0.0,0.0,0.0,0.010214751586318016,0.0,0.0,0.0,0.0,0.0,0.0,0.0,0.0,0.0,0.0,0.0
KIT_256F_MG5_A8,0.0,0.0,0.0,0.0,0.0,0.0,0.0,0.0,0.0,0.0,0.0,0.0,0.0,0.0,0.0,0.0
KIT_320A_MG5_B8,0.0,0.0,0.0,0.0,0.0,0.0,0.0,0.0,0.0,0.0,0.0,0.0,0.0,0.0,0.0,0.0
KIT_320C_MG5_C8,0.0,0.0,0.0,0.0,0.0,0.0,0.8605513572692871,0.0,0.0,0.0,0.0,0.0,0.0,0.0,0.0,0.0
KIT_320K_MG5_D8,0.0,0.0,0.0,0.0,0.0,0.0,0.0,0.0,0.14335466921329498,0.0,0.0,0.0,0.0,0.0,0.0,0.0
KIT_320N_MG5_E8,0.0,0.0,0.0,0.0,0.0,0.0,0.6925645470619202,0.0,0.35858237743377686,0.0,0.0,0.0,0.0,0.0,0.0,0.0
KIT_320F_MG5_F8,0.0,0.0,0.0,0.0,0.0,0.0,0.0,0.0,0.0,0.0,0.0,0.0,0.0,0.0,0.0,0.0
KIT_222A_MG5_G8,0.0,0.0,0.0,0.0,0.0,0.0,0.0,0.0,0.0,0.0,0.0,0.0,0.0,0.0,0.0,0.0
KIT_222C_MG5_H8,0.0,0.0,0.0,0.0,0.0,0.0,1.0000191926956177,0.0,0.0,0.0,0.0,0.0,0.0,0.0,0.0,0.0
KIT_306A_MG5_A9,0.0,0.0,0.9035155773162842,0.0,0.0,0.0,0.0,0.0,0.0,0.0,0.0,0.0,0.0,0.0,0.0,0.0
KIT_306C_MG5_B9,0.0,0.0,0.0,0.0,0.0,0.0,0.0,0.0,0.0,0.0,0.0,0.0,0.0,0.0,0.0,0.0
KIT_306K_MG5_C9,0.0,0.0,0.0,0.0,0.0,0.0,0.0,0.0,0.0,0.0,0.0,0.0,0.0,0.0,0.0,0.0
KIT_306N_MG5_D9,0.0,0.0,0.0,0.0,0.0,0.0,0.0,0.0,0.0,0.0,0.0,0.0,0.0,0.0,0.0,0.0
KIT_306F_MG5_E9,0.0,0.0,0.0,0.0,0.0,0.0,0.0,0.0,0.0,0.0,0.0,0.0,0.0,0.0,0.0,0.0
KIT_256C_MG5_F9,0.0,0.0,0.0,0.022883471101522446,0.0,0.0,0.31292957067489624,0.0,0.5485642552375793,0.0,0.0,0.0,0.003582828678190708,0.0,0.0,0.0
KIT_256K_MG5_G9,0.0,0.0,0.0,0.3548903167247772,0.0,0.0,0.0,0.0,0.0,0.0,0.0,0.0,0.0,0.0,0.0,0.0
KIT_256N_MG5_H9,0.0,0.0,0.0,0.5471811294555664,0.0,0.0,0.3398785889148712,0.0,0.0,0.0,0.0,0.0,0.0,0.0,0.0,0.0
KIT_319K_MG5_A10,0.0,0.0,0.0,0.008923888206481934,0.0,0.0,0.0,0.0,0.0,0.0,0.0,0.0,0.0,0.0,0.0,0.0
KIT_319N_MG5_B10,0.0,0.0,0.0,0.3483182489871979,0.004612498451024294,0.0,0.0,0.0,0.7981703281402588,0.0,0.0,0.0,0.0,0.0,0.0,0.0
KIT_319F_MG5_C10,0.0,0.0,0.0,0.008161522448062897,0.0,0.0,0.0,0.0,0.0,0.0,0.0,0.0,0.0,0.0,0.0,0.0
KIT_314A_MG5_D10,0.0,0.0,0.0,0.0,0.0,0.0,0.0,0.0,0.0,0.0,0.0,0.0,0.0,0.0,0.0,0.0
KIT_314C_MG5_E10,0.0,0.0,0.0,0.0,0.0,0.0,0.0,0.0,0.0,0.0,0.0,0.0,0.0,0.0,0.0,0.0
KIT_314K_MG5_F10,0.0,0.0,0.0,0.0,0.0,0.0,0.0,0.0,0.2894046902656555,0.0,0.0,0.0,0.0,0.0,0.0,0.0
KIT_314N_MG5_G10,0.0,0.0,0.0,0.3021978437900543,0.0,0.0,0.0,0.0,0.3417697250843048,0.0,0.0,0.0,0.3108721375465393,0.0,0.0,0.0
KIT_314F_MG5_H10,0.0,0.0,0.0,0.0,0.0,0.0,0.0,0.0,0.0,0.0,0.0,0.0,0.0,0.0,0.0,0.0
KIT_261F_MG5_A11,0.0,0.0,0.0,0.0,0.0,0.0,0.0,0.0,0.0,0.0,0.0,0.0,0.0,0.0,0.0,0.0
KIT_317A_MG5_B11,0.0,0.0,0.0,0.0,0.0,0.0,0.0,0.0,0.0,0.0,0.0,0.0,0.0,0.0,0.0,0.0
KIT_317C_MG5_C11,0.0,0.0,0.0,0.0,0.0,0.0,0.0,0.0,0.0,0.0,0.0,0.0,0.0,0.0,0.0,0.0
KIT_317K_MG5_D11,0.0,0.0,0.0,0.0,0.0,0.0,0.0,0.0,0.0,0.0,0.0,0.0,0.0,0.0,0.0,0.0
KIT_317N_MG5_E11,0.0,0.05279948562383652,0.0,0.0,0.0,0.0,0.0,0.0,0.0,0.0,0.0,0.0,0.0,0.0,0.0,0.0
KIT_317F_MG5_F11,0.0,0.0,0.0,0.0,0.0,0.0,0.0,0.0,0.0,0.0,0.0,0.0,0.0,0.0,0.0,0.0
KIT_319A_MG5_G11,0.0,0.0,0.0,0.0,0.0,0.0,0.0,0.0,0.0,0.0,0.0,0.0,0.0,0.0,0.0,0.0
KIT_319C_MG5_H11,0.0,0.0,0.0,0.005894297268241644,0.0,0.0,0.0,0.0,0.0,0.0,0.0,0.0,0.0,0.0,0.0,0.0
KIT_225C_MG5_A12,0.0,0.0,0.0,0.0,0.0,0.0,0.0,0.0,0.0,0.0,0.0,0.0,0.0,0.0,0.0,0.0
KIT_225K_MG5_B12,0.0,0.0,0.0,0.0,0.0,0.0,0.0,0.0,0.0,0.0,0.0,0.0,0.0,0.0,0.0,0.0
KIT_225N_MG5_C12,0.0,0.0,0.0,0.0,0.0,0.0,0.0,0.0,0.0,0.0,0.0,0.0,0.0,0.0,0.0,0.0
KIT_225F_MG5_D12,0.0,0.030839882791042328,0.0,0.0,0.0,0.0,0.0,0.0,0.0,0.0,0.0,0.0,0.0,0.0,0.0,0.0
KIT_261A_MG5_E12,0.0,0.0,0.0,0.0,0.0,0.0,0.0,0.0,0.0,0.0,0.0,0.0,0.0,0.0,0.0,0.0
KIT_261C_MG5_F12,0.0,0.01566389575600624,0.0,0.0,0.0,0.0,0.0,0.0,0.0,0.0,0.0,0.0,0.0,0.0,0.31001242995262146,0.0
KIT_261K_MG5_G12,0.0,0.0,0.0,0.0,0.0,0.0,0.0,0.0,0.0,0.0,0.0,0.0,0.0,0.0,0.0,0.0
KIT_261N_MG5_H12,0.0,0.0,0.04414644092321396,0.0,0.0,0.0,0.901741087436676,0.0,0.0,0.0,0.0,0.0,0.0,0.0,0.0,0.0
KIT_311K_MG6_B1,0.0,0.0,0.0,0.0,0.0,0.0,0.0,0.0,0.0,0.0,0.0,0.0,0.0,0.0,0.0,0.0
KIT_311N_MG6_C1,0.0026009446009993553,0.3952305316925049,0.0,0.0,0.0,0.01757585071027279,0.33294573426246643,0.0,0.05035367235541344,0.0,0.0,0.0491822324693203,0.039315734058618546,0.0,0.0,0.0
KIT_311F_MG6_D1,0.0,0.0,0.0,0.0,0.0,0.0,0.33626988530158997,0.0,0.17643550038337708,0.0,0.0,0.12873537838459015,0.0,0.0,0.0,0.0
KIT_210C_MG6_E1,0.0,0.0,0.0011133602820336819,0.0,0.0,0.0,0.6077684164047241,0.0,0.30705180764198303,0.0,0.0,0.0,0.0,0.0,0.0,0.0
KIT_210K_MG6_F1,0.0,0.0,0.0,0.0,0.0,0.0,0.0,0.0,0.0,0.0,0.0,0.0,0.0,0.0,0.0,0.0
KIT_210N_MG6_G1,0.0,0.0,0.0,0.0,0.0,0.0,0.6259607076644897,0.0,0.0,0.0,0.0,0.0,0.3094562888145447,0.0,0.0,0.0
KIT_210F_MG6_H1,0.0,0.0,0.0,0.0,0.005239515099674463,0.0,0.0,0.0,0.0,0.0,0.0,0.0,0.0,0.0,0.0,0.0
KIT_225A_MG6_B2,0.0,0.0,0.0,0.0,0.0,0.0,0.0,0.0,0.0,0.0,0.0,0.0,0.0,0.0,0.0,0.0
KIT_311A_MG6_C2,0.0,0.0,0.0,0.0,0.0,0.0,0.0,0.0,0.0,0.0,0.0,0.0,0.0,0.0,0.0,0.0
KIT_216A_MG6_D2,0.0,0.0,0.0,0.0,0.0,0.0,0.0,0.0,0.0,0.0,0.0,0.0,0.0,0.0,0.0,0.0
KIT_216C_MG6_E2,0.0,0.0,0.0,0.0,0.0,0.0,0.14877483248710632,0.0,0.6139032244682312,0.0,0.0,0.0,0.0,0.0,0.0,0.0
KIT_216K_MG6_F2,0.0,0.0,0.0,0.0,0.0,0.0,0.0,0.0,0.0,0.0,0.0,0.0,0.0,0.0,0.0,0.0
KIT_216N_MG6_G2,0.0,0.0,0.0,0.0,0.0,0.0,0.0,0.0,0.3621937036514282,0.0,0.0,0.0,0.0,0.0,0.0,0.0
KIT_216F_MG6_H2,0.0,0.0,0.0,0.0,0.0,0.0,0.0,0.0,0.0,0.0,0.0,0.8894525170326233,0.0,0.0,0.0,0.0
KIT_MOCK6_MG6_B3,0.0,0.0,0.0,0.0,0.0,0.0,0.0,0.0,0.0,0.0,0.0,0.0,0.0,0.0,0.0,0.0
KIT_MOCK5_MG6_C3,0.0,0.0,0.46356120705604553,0.0,0.0,0.0,0.0,0.0,0.0,0.0,0.0,0.0,0.0,0.0,0.0,0.0
KIT_BLANK_MG6_D3,0.0,0.0,0.4807996153831482,0.0,0.0,0.0,0.0,0.0,0.0,0.0,0.0,0.0,0.0,0.0,0.0,0.0
KIT_BLANK_MG6_E3,0.0,0.0,0.38567879796028137,0.0,0.0,0.0,0.0,0.0,0.0,0.0,0.0,0.0,0.0,0.0,0.0,0.0
KIT_BLANK_MG6_F3,0.0,0.0,0.6239835023880005,0.0,0.0,0.0,0.0,0.0,0.0,0.0,0.0,0.0,0.0,0.0,0.0,0.0
KIT_BLANK_MG6_G3,0.0,0.0,0.35614287853240967,0.0,0.0,0.0,0.0,0.0,0.0,0.0,0.0,0.0,0.0,0.0,0.0,0.0
KIT_210A_MG6_H3,0.0,0.0,0.0,0.0,0.0,0.0,0.0,0.0,0.0,0.0,0.0,0.0,0.0,0.0,0.0,0.0
KIT_7K_MG6_B4,0.0,0.0,0.0,0.4451357126235962,0.0,0.0,0.0,0.0,0.1406310796737671,0.0,0.0,0.0,0.0,0.0,0.0,0.0
KIT_7N_MG6_C4,0.0,0.0,0.00920670572668314,0.6065881252288818,0.12912951409816742,0.0,0.07294940948486328,0.0,0.09212896972894669,0.0,0.0,0.0,0.0,0.0,0.09496349841356277,0.0
KIT_7F_MG6_D4,0.0,0.0,0.0,0.706001877784729,0.0,0.0,0.0,0.0,0.0,0.0,0.0,0.0,0.0,0.0,0.0,0.0
KIT_235C_MG6_E4,0.0,0.0,0.0,0.0,0.0,0.0,0.0,0.0,0.0,0.0,0.0,0.0,0.0,0.0,0.0,0.0
KIT_235K_MG6_F4,0.0,0.0,0.0,0.0,0.0,0.0,0.0,0.0,0.0,0.0,0.0,0.0,0.0,0.0,0.0,0.0
KIT_235N_MG6_G4,0.0,0.0,0.0,0.0,0.0,0.0,0.0,0.0,0.0,0.0,0.0,0.0,0.0,0.0,0.0,0.0
KIT_235F_MG6_H4,0.0,0.0,0.0,0.0,0.0,0.0,0.0,0.0,0.0,0.0,0.0,0.0,0.0,0.0,0.0,0.0
KIT_10K_MG6_B5,0.0,0.0,0.0,0.0,0.0,0.0,0.0,0.0,0.0,0.0,0.0,0.0,0.0,0.0,0.0,0.0
KIT_10N_MG6_C5,0.0,0.0,0.0,0.0,0.0,0.0,0.0,0.0,0.0,0.0,0.0,0.0,0.0,0.0,0.0,0.0
KIT_10F_MG6_D5,0.0,0.0,0.0,0.0,0.0,0.0,0.0,0.0,0.0,0.0,0.0,0.0,0.0,0.0,0.0,0.0
KIT_81C_MG6_E5,0.0,0.0,0.0,0.17148953676223755,0.0,0.0,0.12418293207883835,0.0,0.0,0.0,0.0,0.0,0.33016061782836914,0.0,0.0,0.0
KIT_81K_MG6_F5,0.0,0.0,0.034920915961265564,0.4731825590133667,0.0,0.0,0.0,0.0,0.0,0.0,0.0,0.0,0.7470160126686096,0.0,0.0,0.0
KIT_81N_MG6_G5,0.0,0.0,0.0,0.3383549153804779,0.0,0.0,0.0,0.0,0.244844451546669,0.0,0.0,0.0,0.0,0.0,0.0,0.0
KIT_81F_MG6_H5,0.0,0.0,0.02252015843987465,0.4857260286808014,0.0,0.0,0.0,0.0,0.0,0.0,0.0,0.0,0.0,0.0,0.0,0.0
KIT_26K_MG6_B6,0.0,0.0,0.0,0.0,0.0,0.0,0.0,0.0,0.0,0.0,0.0,0.0,0.0,0.0,0.0,0.0
KIT_26N_MG6_C6,0.0,0.0,0.0,0.0,0.0,0.0,0.0,0.0,0.0,0.0,0.0,0.0,0.0,0.0,0.0,0.0
KIT_26F_MG6_D6,0.0,0.0,0.0,0.0,0.0,0.0,0.0,0.0,0.0,0.0,0.0,0.0,0.0,0.0,0.0,0.0
KIT_18C_MG6_E6,0.0,0.0,0.0,0.0,0.0,0.0,0.0,0.0,0.0,0.0,0.0,0.0,0.0,0.0,0.0,0.0
KIT_18K_MG6_F6,0.0,0.0,0.0,0.0,0.0,0.0,0.0,0.0,0.0,0.0,0.0,0.0,0.0,0.0,0.0,0.0
KIT_18N_MG6_G6,0.0,0.0,0.0,0.0,0.0,0.0,0.0,0.0,0.0,0.0,0.0,0.0,0.0,0.0,0.0,0.0
KIT_18F_MG6_H6,0.0,0.0,0.0,0.0,0.0,0.0,0.0,0.0,0.0,0.0,0.0,0.0,0.0,0.0,0.0,0.0
KIT_36K_MG6_B7,0.0,0.0,0.0,0.0,0.0,0.0,0.0,0.0,0.0,0.0,0.0,0.0,0.0,0.0,0.0,0.0
KIT_36N_MG6_C7,0.0,0.0,0.0,0.0,0.0,0.0,0.0,0.0,0.0,0.0,0.0,0.0,0.0,0.0,0.0,0.0
KIT_36F_MG6_D7,0.0,0.0,0.0,0.0,0.0,0.0,0.0,0.0,0.0,0.0,0.0,0.0,0.0,0.0,0.0,0.0
KIT_43C_MG6_E7,0.0,0.0,0.0,0.0,0.0,0.0,0.0,0.0,0.0,0.0,0.0,0.0,0.0,0.0,0.0,0.0
KIT_43K_MG6_F7,0.0,0.0,0.0,0.0,0.0,0.0,0.0,0.0,0.0,0.0,0.0,0.0,0.0,0.0,0.0,0.0
KIT_43N_MG6_G7,0.1362268030643463,0.0,0.0,0.0,0.0,0.0,0.0,0.0,0.0,0.0,0.0,0.0,0.0,0.0,0.6320253014564514,0.0
KIT_43F_MG6_H7,0.0,0.0,0.0,0.0,0.0,0.0,0.0,0.0,0.0,0.0,0.0,0.0,0.0,0.0,0.0,0.0
KIT_51K_MG6_B8,0.0,0.0,0.0,0.0,0.0,0.0,0.0,0.0,0.0,0.0,0.0,0.0,0.0,0.0,1.0219305753707886,0.0
KIT_51N_MG6_C8,0.0,0.0,0.0,0.0,0.0,0.0,0.0,0.0,0.0,0.0,0.0,0.0,0.0,0.0,0.9080972075462341,0.0
KIT_51F_MG6_D8,0.0,0.0,0.0,0.0,0.0,0.0,0.0,0.0,0.0,0.0,0.0,0.0,0.0,0.0,0.8711149096488953,0.16725757718086243
KIT_44C_MG6_E8,0.0,0.0,0.0,0.0,0.0,0.0,0.7156229019165039,0.0,0.2713254988193512,0.0,0.0,0.0,0.0,0.0,0.0,0.0
KIT_44K_MG6_F8,0.0,0.0,0.0,0.0,0.0,0.0,0.6580826640129089,0.0,0.0,0.0,0.0,0.0,0.0,0.0,0.0,0.0
KIT_44N_MG6_G8,0.0,0.0,0.0,0.0,0.0,0.0,0.0,0.0,0.0,0.0,0.0,0.0,0.0,0.0,0.0,0.0
KIT_44F_MG6_H8,0.0,0.0,0.0,0.0,0.0,0.0,0.5933292508125305,0.0,0.5195361375808716,0.0,0.0,0.0,0.0,0.0,0.0,0.0
KIT_32K_MG6_B9,0.0,0.0,0.0,0.0,0.0,0.0,0.6615190505981445,0.0,0.0,0.0,0.0,0.0,0.0,0.0,0.0,0.0
KIT_32N_MG6_C9,0.0,0.0,0.0,0.0,0.0,0.0,0.0,0.0,0.0,0.0,0.0,0.0,0.0,0.0,0.0,0.0
KIT_32F_MG6_D9,0.0,0.0,0.0,0.0,0.0,0.0,0.0,0.0,0.0,0.0,0.0,0.0,0.0,0.0,0.0,0.0
KIT_22C_MG6_E9,0.0,0.0,0.0,0.0,0.0020592461805790663,0.0,0.0,0.0,0.0,0.0,0.0,0.0,0.0,0.0,0.15889853239059448,0.0
KIT_22K_MG6_F9,0.0,0.0,0.0,0.0,0.005866293795406818,0.0,0.0,0.0,0.0,0.0,0.0,0.0,0.0,0.0,0.0,0.0
KIT_22N_MG6_G9,0.0,0.0,0.0,0.0,0.0,0.0,0.0,0.0,0.0,0.0,0.0,0.0,0.0,0.0,0.0,0.0
KIT_22F_MG6_H9,0.0,0.0,0.0,0.0,0.0,0.0,0.0,0.0,0.0,0.0,0.0,0.0,0.0,0.0,0.0,0.0
KIT_19K_MG6_B10,0.0,0.0,0.0,0.0,0.0,0.0,0.0,0.0,0.0,0.0,0.0,0.0,0.0,0.0,0.0,0.0
KIT_19N_MG6_C10,0.0,0.0,0.0,0.0,0.0,0.0,0.0,0.0,0.23891304433345795,0.0,0.0,0.0,0.0,0.0,0.0,0.0
KIT_19F_MG6_D10,0.0,0.0,0.0,0.018076127395033836,0.0,0.0,0.0,0.0,0.0,0.0,0.0,0.0,0.0,0.0,0.0,0.0
KIT_27C_MG6_E10,0.0,0.0,0.0,0.4766007363796234,0.0,0.0,0.0,0.0,0.0,0.0,0.0,0.0,0.0,0.0,0.0,0.0
KIT_27K_MG6_F10,0.0,0.0,0.0,0.0,0.0,0.0,0.0,0.0,0.0,0.0,0.0,0.0,0.0,0.0,0.0,0.3928356468677521
KIT_27N_MG6_G10,0.0,0.0,0.0,0.0,0.0,0.0,0.0,0.0,0.0,0.0,0.0,0.0,0.0,0.0,0.4599839448928833,0.0
KIT_27F_MG6_H10,0.0,0.0,0.0,0.0,0.0,0.0,0.0,0.0,0.0,0.0,0.0,0.0,0.0,0.0,0.0,0.0
KIT_25K_MG6_B11,0.0,0.0,0.0,0.0,0.0,0.0,0.0,0.0,0.0,0.0,0.0,0.0,0.0,0.0,0.0,0.0
KIT_25N_MG6_C11,0.0,0.0,0.0,0.0,0.0,0.0,0.0,0.0,0.0,0.0,0.0,0.0,0.0,0.0,0.0,0.0
KIT_25F_MG6_D11,0.0,0.0,0.0,0.0,0.0,0.0,0.0,0.0,0.0,0.0,0.0,0.0,0.0,0.0,0.0,0.0
KIT_2C_MG6_E11,0.0,0.0,0.0,0.0,0.0,0.0,0.0,0.0,0.0,0.0,0.0,0.0,0.0,0.0,0.0,0.0
KIT_2K_MG6_F11,0.0,0.0,0.0,0.0,0.0,0.0,0.0,0.0,0.0,0.0,0.0,0.0,0.0,0.0,0.0,0.0
KIT_2N_MG6_G11,0.0,0.0,0.0,0.0,0.0,0.0,0.0,0.0,0.0,0.0,0.0,0.0,0.0,0.0,0.0,0.0
KIT_2F_MG6_H11,0.0,0.0,0.0,0.0,0.0,0.0,0.0,0.0,0.0,0.0,0.0,0.0,0.0,0.0,0.0,0.0
KIT_39K_MG6_B12,0.0,0.0,0.0,0.0,0.0,0.0,0.0,0.0,0.0,0.0,0.0,0.0,0.0,0.0,0.0,0.0
KIT_39N_MG6_C12,0.0,0.49612924456596375,0.0,0.3814431130886078,0.0,0.0,0.0,0.0,0.0,0.0,0.0,0.0,0.0,0.0,0.0,0.0
KIT_39F_MG6_D12,0.0,0.0,0.0,0.015443095937371254,0.0,0.0,0.0,0.0,0.0,0.0,0.0,0.0,0.0,0.0,0.0,0.0
KIT_446C_MG6_E12,0.0,0.0,0.0,0.0,0.0,0.0,0.0,0.0,0.0,0.0,0.0,0.0,0.0,0.0,0.0,0.0
KIT_446K_MG6_F12,0.0,0.0,0.0,0.0,0.0,0.0,0.0,0.0,0.0,0.0,0.0,0.0,0.0,0.0,0.0,0.0
KIT_446N_MG6_G12,0.0,0.0,0.0,0.0,0.0,0.0,0.0,0.0,0.0,0.0,0.0,0.0,0.0,0.0,0.0,0.0
KIT_446F_MG6_H12,0.0,0.0,0.0,0.0,0.0,0.0,0.0,0.0,0.0,0.0,0.0,0.0,0.0,0.0,0.0,0.0
KIT_78C_MG7_A1,0.0,0.0,0.0,0.0,0.0,0.0,0.0,0.0,0.0,0.0,0.0,0.0,0.0,0.0,0.0,0.0
KIT_78K_MG7_B1,0.0,0.0,0.0,0.0,0.0,0.0,0.0,0.0,0.0,0.0,0.0,0.0,0.0,0.0,0.0,0.0
KIT_78N_MG7_C1,0.0,0.0,0.780488133430481,0.0,0.0,0.0,0.0,0.0,0.0,0.0,0.0,0.0,0.0,0.0,0.0,0.0
KIT_98C_MG7_E1,0.0,0.0,0.0,0.0,0.0,0.0,0.0,0.0,0.0,0.0,0.0,0.0,0.0,0.0,0.0,0.0
KIT_98K_MG7_F1,0.0,0.0,0.0,0.0,0.0,0.0,0.0,0.0,0.0,0.0,0.0,0.0,0.0,0.0,0.0,0.0
KIT_98N_MG7_G1,0.0,0.0,0.0,0.0,0.0,0.0,0.0,0.0,1.118446707725525,0.0,0.0,0.0,0.0,0.0,0.0,0.0
KIT_98F_MG7_H1,0.0,0.0,0.0,0.0,0.0,0.0,0.0,0.0,0.0,0.0,0.0,0.0,0.0,0.0,0.0,0.0
KIT_12C_MG7_A2,0.0,0.0,0.0,0.0,0.0,0.0,0.0,0.0,0.0,0.0,0.0,0.0,0.0,0.0,0.0,0.0
KIT_12K_MG7_B2,0.0,0.0,0.0,0.0,0.0,0.0,0.0,0.0,0.0,0.0,0.0,0.0,0.0,0.0,0.0,0.0
KIT_12N_MG7_C2,0.0,0.0,0.0,0.0,0.0,0.0,0.0,0.0,0.0,0.0,0.0,0.0,0.0,0.0,0.0,0.0
KIT_99C_MG7_E2,0.0,0.0,0.0,0.0,0.0,0.0,0.0,0.0,0.0,0.0,0.0,0.0,0.0,0.0,0.0,0.0
KIT_99K_MG7_F2,0.0,0.0,0.0,0.0,0.0,0.0,0.0,0.0,0.0,0.0,0.0,0.0,0.0,0.0,0.0,0.0
KIT_99N_MG7_G2,0.0,0.0,0.0,0.0,0.008095120079815388,0.0,0.0,0.0,0.0,0.0,0.0,0.0,0.0,0.0,0.0,0.0
KIT_99F_MG7_H2,0.0,0.0,1.1191338300704956,0.0,0.0,0.0,0.0,0.0,0.0,0.0,0.0,0.0,0.0,0.0,0.0,0.0
KIT_253C_MG7_A3,0.0,0.0,0.0,0.0,0.0,0.0,0.0,0.0,0.0,0.0,0.0,0.0,0.0,0.0,0.4373490810394287,0.2996745705604553
KIT_253K_MG7_B3,0.0,0.0,0.0,0.0,0.0,0.0,0.0,0.0,0.0,0.0,0.0,0.0,0.0,0.0,0.4862019419670105,0.0
KIT_253N_MG7_C3,0.0,0.0,0.0,0.0,0.0,0.0,0.0,0.0,0.0,0.0,0.0,0.0,0.0,0.0,0.4398742616176605,0.0
KIT_91C_MG7_E3,0.0,0.0,0.0,0.0,0.0,0.0,0.0,0.0,0.0,0.0,0.0,0.0,0.0,0.0,0.0,0.0
KIT_91K_MG7_F3,0.0,0.0,0.0,0.0,0.0,0.0,0.0,0.0,0.0,0.0,0.0,0.0,0.0,0.0,0.0,0.0
KIT_91N_MG7_G3,0.0,0.0,0.0,0.0,0.0,0.0,0.0,0.0,0.0,0.0,0.0,0.0,0.0,0.0,0.0,0.0
KIT_91F_MG7_H3,0.0,0.0,0.7954830527305603,0.0,0.0,0.0,0.0,0.0,0.0,0.0,0.0,0.0,0.0,0.0,0.0,0.0
KIT_227C_MG7_A4,0.0,0.0,0.009207411669194698,0.0,0.0,0.0,0.9583951234817505,0.0,0.041196420788764954,0.0,0.0,0.0,0.0,0.0,0.0,0.01818547397851944
KIT_227K_MG7_B4,0.0,0.0,0.0,0.0,0.0,0.0,0.0,0.0,0.0,0.0,0.0,0.0,0.0,0.0,0.0,0.0
KIT_227N_MG7_C4,0.0,0.0,0.0,0.0,0.001354581443592906,0.0,0.9517678022384644,0.0,0.0,0.0,0.0,0.0,0.0,0.0,0.0,0.0
KIT_97C_MG7_E4,0.0,0.0,0.0,0.0,0.0,0.0,0.0,0.0,0.0,0.0,0.0,0.0,0.0,0.0,0.0,0.0
KIT_97K_MG7_F4,0.0,0.0,0.0,0.0,0.0,0.0,0.0,0.0,0.0,0.0,0.0,0.0,0.0,0.0,0.0,0.0
KIT_97N_MG7_G4,0.0,0.0,0.34743136167526245,0.0,0.0,0.0,0.0,0.0,0.0,0.0,0.0,0.0,0.0,0.0,0.906903088092804,0.0
KIT_97F_MG7_H4,0.0,0.0,0.0,0.0,0.25826671719551086,0.0,0.0,0.0,0.0,0.0,0.0,0.0,0.0,0.0,0.7797626256942749,0.0
KIT_212C_MG7_A5,0.0,0.0,0.0,0.0022037047892808914,0.0,0.0,0.0,0.0,0.0,0.0,0.0,0.0,0.0,0.0,0.9786530137062073,0.0
KIT_212K_MG7_B5,0.0,0.0,0.0,0.009716563858091831,0.0,0.0,0.0,0.0,0.0,0.0,0.0,0.0,0.0,0.0,0.0,0.0
KIT_212N_MG7_C5,0.0,0.0,0.0,0.0,0.0,0.0,0.0,0.0,0.0,0.0,0.0,0.0,0.0,0.0,0.0,0.0
KIT_23C_MG7_E5,0.0,0.0,0.0,0.0,0.0,0.0,0.0,0.0,0.0,0.0,0.0,0.0,0.0,0.0,0.0,0.0
KIT_23K_MG7_F5,0.0,0.0,0.0,0.0,0.0,0.0,0.0,0.0,0.0,0.0,0.0,0.0,0.0,0.0,0.0,0.0
KIT_23N_MG7_G5,0.0,0.0,0.291875958442688,0.0,0.0,0.0,0.0,0.0,0.0,0.0,0.0,0.0,0.0,0.0,0.0,0.1875848025083542
KIT_23F_MG7_H5,0.0,0.0,0.0,0.0,0.0,0.0,0.0,0.0,0.0,0.0,0.0,0.0,0.0,0.0,0.0,0.0
KIT_34C_MG7_A6,0.0,0.0,0.0,0.32830506563186646,0.0,0.0,0.0,0.0,0.5222315788269043,0.0,0.0,0.0,0.0,0.0,0.0,0.651141345500946
KIT_34K_MG7_B6,0.0,0.0,0.0,0.0,0.0,0.0,0.0,0.0,0.0,0.0,0.0,0.0,0.0,0.0,0.0,0.0
KIT_34N_MG7_C6,0.0,0.0,0.0,0.559346079826355,0.0,0.0,0.0,0.0,0.2498311698436737,0.0,0.0,0.0,0.0,0.0,0.0,0.0
KIT_86C_MG7_E6,0.0,0.0,0.0,0.0,0.0,0.0,0.0,0.0,0.0,0.0,0.0,0.0,0.0,0.0,0.0,0.0
KIT_86K_MG7_F6,0.0,0.0,0.0,0.0,0.0,0.0,0.0,0.0,0.0,0.0,0.0,0.0,0.0,0.0,0.0,0.0
KIT_86N_MG7_G6,0.0,0.0,0.36967334151268005,0.0,0.0,0.0,0.0,0.0,0.0,0.0,0.0,0.0,0.0,0.5924214720726013,0.0,0.0
KIT_86F_MG7_H6,0.0,0.0,0.0,0.0,0.0,0.0,0.0,0.0,0.0,0.0,0.0,0.0,0.0,0.0,0.0,0.0
KIT_57C_MG7_A7,0.0,0.0,0.0,0.0,0.0,0.0,0.0,0.0,0.0,0.0,0.0,0.0,0.0,0.0,0.0,0.0
KIT_57K_MG7_B7,0.0,0.0,0.0,0.0,0.0,0.0,0.0,0.0,0.0,0.0,0.0,0.0,0.0,0.0,0.0,0.0
KIT_57N_MG7_C7,0.0,0.0,0.0,0.0,0.0,0.0,0.0,0.0,0.0,0.0,0.0,0.0,0.0,0.0,0.0,0.0
KIT_238C_MG7_E7,0.0,0.0,0.0,0.0,0.0,0.0,0.0,0.0,0.0,0.0,0.0,0.0,0.0,0.0,0.0,0.0
KIT_238K_MG7_F7,0.0,0.0,0.0,0.0,0.0,0.0,0.0,0.0,0.0,0.0,0.0,0.0,0.0,0.0,0.0,0.0
KIT_238N_MG7_G7,0.0,0.0,0.0,0.0,0.0,0.0,0.0,0.0,0.0,0.0,0.0,0.0,0.0,0.0,0.0,0.0
KIT_238F_MG7_H7,0.0,0.0,0.0,0.0,0.0,0.0,0.0,0.0,0.0,0.0,0.0,0.0,0.0,0.0,0.0,0.0
KIT_35C_MG7_A8,0.0,0.0,0.0,0.0,0.0,0.0,0.9831832647323608,0.0,0.0,0.0,0.0,0.0,0.0,0.0,0.0,0.0
KIT_35K_MG7_B8,0.0,0.0,0.0,0.0,0.0,0.0,0.9495055675506592,0.0,0.10441137850284576,0.0,0.0,0.0,0.0,0.0,0.0,0.0
KIT_35N_MG7_C8,0.0,0.0,0.0,0.0,0.0,0.0,0.6101358532905579,0.0,0.0,0.0,0.0,0.0,0.0,0.0,0.0,0.0
KIT_229C_MG7_E8,0.0,0.0,0.0,0.0,0.0,0.0,0.0,0.0,0.0,0.0,0.0,0.0,0.0,0.0,0.0,0.0
KIT_229K_MG7_F8,0.0,0.0,0.0,0.0,0.0,0.0,0.0,0.0,0.0,0.0,0.0,0.0,0.0,0.0,0.0,0.0
KIT_229N_MG7_G8,0.0,0.0,0.0,0.0,0.0,0.0,0.39772844314575195,0.0,0.0,0.0,0.0,0.0,0.0,0.0,0.0,0.0
KIT_229F_MG7_H8,0.0,0.0,0.0,0.0,0.0,0.0,0.6702254414558411,0.0,0.0,0.0,0.0,0.0,0.0,0.0,0.0,0.0
KIT_77C_MG7_A9,0.0,0.0,0.0,0.0,0.0,0.0,0.0,0.0,0.0,0.0,0.0,0.0,0.0,0.0,0.7228677868843079,0.0
KIT_77K_MG7_B9,0.0,0.0,0.0,0.0,0.0,0.0,0.0,0.0,0.0,0.0,0.0,0.0,0.0,0.0,0.7277201414108276,0.0
KIT_77N_MG7_C9,0.0,0.0,0.0,0.006298488937318325,0.0,0.0,0.0,0.0,0.0,0.0,0.0,0.0,0.0,0.0,0.9381205439567566,0.0
KIT_214C_MG7_E9,0.0,0.0,0.0,0.0,0.0,0.0,0.0,0.0,0.0,0.0,0.0,0.0,0.0,0.0,0.0,0.0
KIT_214K_MG7_F9,0.0,0.0,0.0,0.0,0.0,0.0,0.0,0.0,0.0,0.0,0.0,0.0,0.0,0.0,0.0,0.0
KIT_214N_MG7_G9,0.0,0.0,0.0,0.0,0.0,0.0,0.0,0.0,0.0,0.0,0.0,0.0,0.0,0.0,0.0,0.49431881308555603
KIT_214F_MG7_H9,0.0,0.0,0.6346526145935059,0.0,0.0,0.0,0.0,0.0,0.0,0.0,0.0,0.0,0.0,0.0,0.0,0.0
KIT_89C_MG7_A10,0.1849234402179718,0.0,0.0,0.0,0.0,0.0,0.36801785230636597,0.0,0.0,0.0,0.0,0.0,0.024837948381900787,0.0,0.0,0.0
KIT_89K_MG7_B10,0.1559232622385025,0.0,0.0,0.0,0.0,0.0,0.29745325446128845,0.0,0.0,0.0,0.0,0.0,0.0,0.0,0.0,0.0
KIT_89N_MG7_C10,0.18144936859607697,0.0,0.0,0.0,0.0,0.0,0.5006141662597656,0.0,0.0,0.0,0.0,0.0,0.0,0.0,0.0,0.0
KIT_82C_MG7_E10,0.0,0.0,0.0,0.0,0.0,0.0,0.0,0.0,0.0,0.0,0.0,0.0,0.0,0.0,0.0,0.0
KIT_82K_MG7_F10,0.0,0.0,0.0,0.0,0.0,0.0,0.0,0.0,0.0,0.0,0.0,0.0,0.0,0.0,0.0,0.0
KIT_82N_MG7_G10,0.0,0.0,0.0,0.0,0.0,0.0,0.0,0.0,0.0,0.0,0.0,0.0,0.0,0.0,0.0,0.0
KIT_82F_MG7_H10,0.0,0.0,0.0,0.0,0.0,0.0,0.0,0.0,0.0,0.0,0.0,0.0,0.0,0.0,0.0,0.0
KIT_NEGCONTROL_MG7_A11,0.0,0.0,0.0,0.0,0.0,0.0,0.0,0.0,0.0,0.0,0.0,0.0,0.0,0.0,0.0,0.0
KIT_MOCK7_MG7_B11,0.0,0.0,0.0,0.0,0.0,0.0,0.0,0.0,0.0,0.0,0.0,0.0,0.0,0.0,0.0,0.0
KIT_MOCK6_MG7_C11,0.0,0.0,0.0,0.0,0.0,0.0,0.0,0.0,0.0,0.0,0.0,0.0,0.0,0.0,0.0,0.0
KIT_MOCK4_MG7_E11,0.0,0.0,0.0,0.0,0.0,0.0,0.0,0.0,0.0,0.0,0.0,0.0,0.0,0.0,0.0,0.0
KIT_MOCK3_MG7_F11,0.0,0.0,0.0,0.0,0.0,0.0,0.0,0.0,0.0,0.0,0.0,0.0,0.0,0.0,0.0,0.0
KIT_MOCK2_MG7_G11,0.0,0.0,0.59366774559021,0.0,0.0,0.0,0.0,0.0,0.0,0.0,0.0,0.0,0.0,0.0,0.0,0.0
KIT_MOCK1_MG7_H11,0.0,0.0,0.3312009871006012,0.0,0.0,0.0,0.0,0.0,0.0,0.0,0.0,0.0,0.0,0.0,0.0,0.0
KIT_239C_MG7_A12,0.0,0.0,0.0,0.0,0.0,0.0,0.0,0.0,0.0,0.0,0.0,0.0,0.0,0.0,0.0,0.0
KIT_239K_MG7_B12,0.0,0.0,0.0,0.0,0.0,0.0,0.0,0.0,0.0,0.0,0.0,0.0,0.0,0.0,0.0,0.0
KIT_239N_MG7_C12,0.0,0.0,0.0,0.0,0.0,0.0,0.0,0.0,0.0,0.0,0.0,0.0,0.0,0.0,0.5634168386459351,0.0
KIT_211C_MG7_E12,0.0,0.0,0.0,0.0,0.0,0.0,0.0,0.0,0.0,0.0,0.0,0.0,0.0,0.0,0.0,0.0
KIT_211K_MG7_F12,0.0,0.0,0.0,0.0,0.0,0.0,0.0,0.0,0.0,0.0,0.0,0.0,0.0,0.0,0.0,0.0
KIT_211N_MG7_G12,0.0,0.0,0.0,0.0,0.0,0.0,0.7744243741035461,0.0,0.0,0.0,0.0,0.0,0.0,0.0,0.0,0.0
KIT_211F_MG7_H12,0.0,0.0,0.0,0.0,0.0,0.0,0.0,0.0,0.0,0.0,0.0,0.0,0.0,0.0,0.0,0.0
